group	command	option	value	combination	repo_state	transport	platform	stock_git_case	zmin_status	evidence	notes
Basic Snapshotting	status	<none>	<empty>	<none>	unborn clean/dirty/staged/tracked dirty/untracked	local	all	git status	closed	git_status_compat::status_human_matches_stock_git_for_common_states	human common states only
Basic Snapshotting	status	--porcelain	<empty>	<none>	clean/dirty/untracked	local	all	git status --porcelain	closed	git_status_compat::status_porcelain_matches_stock_git_for_clean_dirty_and_ignored_worktrees	defaults to v1
Basic Snapshotting	status	--porcelain	v1	same-size same-mtime content change	modified tracked file	local	unix	git status --porcelain=v1	closed	git_status_compat::status_detects_same_size_same_mtime_content_change_like_stock_git	racy-looking same-size same-mtime rewrite is detected like stock Git on Unix
Basic Snapshotting	status	--porcelain	v1	--branch	clean/dirty/untracked/upstream ahead	local	all	git status --porcelain=v1 --branch	closed	git_status_compat::status_porcelain_matches_stock_git_for_clean_dirty_and_ignored_worktrees; git_status_compat::status_branch_reports_upstream_ahead_count	common branch header coverage
Basic Snapshotting	status	--porcelain	v1	--branch -z	clean/dirty/untracked	local	all	git status --porcelain=v1 --branch -z	closed	git_status_compat::status_porcelain_matches_stock_git_for_clean_dirty_and_ignored_worktrees	NUL records
Basic Snapshotting	status	--porcelain	v2	--branch	clean/dirty/staged	local	all	git status --porcelain=v2 --branch	closed	git_status_compat::status_porcelain_matches_stock_git_for_clean_dirty_and_ignored_worktrees; git_status_compat::status_porcelain_v2_matches_stock_git_for_staged_states	common v2 tracked state coverage
Basic Snapshotting	status	--porcelain	v2	--branch -z	clean/dirty/staged	local	all	git status --porcelain=v2 --branch -z	closed	git_status_compat::status_porcelain_matches_stock_git_for_clean_dirty_and_ignored_worktrees; git_status_compat::status_porcelain_v2_matches_stock_git_for_staged_states	NUL records
Basic Snapshotting	status	--porcelain	v2	--branch staged add/modify/delete mix	modified tracked plus added plus removed tracked files	local	all	git status --porcelain=v2 --branch	closed	git_status_compat::status_porcelain_v2_matches_stock_git_for_staged_states	porcelain v2 branch output for simultaneous staged add, modify and delete matches stock Git
Basic Snapshotting	status	--porcelain	v2	--branch -z staged add/modify/delete mix	modified tracked plus added plus removed tracked files	local	all	git status --porcelain=v2 -z --branch	closed	git_status_compat::status_porcelain_v2_matches_stock_git_for_staged_states	NUL-delimited porcelain v2 branch output for simultaneous staged add, modify and delete matches stock Git
Basic Snapshotting	status	--porcelain	v2	--branch -z through replacement shim	cloned repository status	local	all	git status --porcelain=v2 -z --branch	closed	tools/git-replacement-dogfood-smoke.sh::status_v2_z_branch	NUL-delimited porcelain v2 branch status matches stock Git through a git-in-PATH replacement shim
Basic Snapshotting	status	--untracked-files	no	--porcelain=v2 -z --branch through replacement shim	cloned repository dirty/untracked	local	all	git status --porcelain=v2 -z --branch --untracked-files=no	closed	tools/git-replacement-dogfood-smoke.sh::status_v2_z_branch_untracked_no	NUL-delimited porcelain v2 branch output with untracked files suppressed matches stock Git through a git-in-PATH replacement shim
Basic Snapshotting	status	-z	<empty>	<none>	clean/dirty/untracked	local	all	git status -z	closed	git_status_compat::status_porcelain_matches_stock_git_for_clean_dirty_and_ignored_worktrees	stock implies porcelain v1
Basic Snapshotting	status	-z	<empty>	through replacement shim	cloned repository dirty/untracked	local	all	git status -z	closed	tools/git-replacement-dogfood-smoke.sh::status_z	NUL-delimited implicit porcelain v1 output matches stock Git through a git-in-PATH replacement shim
Basic Snapshotting	status	--null	<empty>	<none>	clean/dirty/untracked	local	all	git status --null	closed	git_status_compat::status_porcelain_matches_stock_git_for_clean_dirty_and_ignored_worktrees	stock implies porcelain v1
Basic Snapshotting	status	-s	<empty>	-b	clean	local	all	git status -sb	closed	git_status_compat::status_porcelain_matches_stock_git_for_clean_dirty_and_ignored_worktrees	short plus branch
Basic Snapshotting	status	--short	<empty>	<none>	dirty/untracked	local	all	git status --short	closed	git_status_compat::status_porcelain_matches_stock_git_for_clean_dirty_and_ignored_worktrees	exact short form
Basic Snapshotting	status	--short	<empty>	through replacement shim	cloned repository dirty/untracked	local	all	git status --short	closed	tools/git-replacement-dogfood-smoke.sh::status_short	short dirty/untracked output matches stock Git through a git-in-PATH replacement shim
Basic Snapshotting	status	--short	<empty>	--branch through replacement shim	cloned repository dirty/untracked with upstream	local	all	git status --short --branch	closed	tools/git-replacement-dogfood-smoke.sh::status_short_branch	short branch dirty/untracked output matches stock Git through a git-in-PATH replacement shim
Basic Snapshotting	status	--branch	<empty>	--short dirty/untracked	dirty/untracked	local	all	git status --branch --short	closed	tools/git-status-branch-verbose-oracle-smoke.sh::status_branch_short_long	long branch before short matches stock Git short branch output
Basic Snapshotting	status	-b	<empty>	--short dirty/untracked	dirty/untracked	local	all	git status -b --short	closed	tools/git-status-branch-verbose-oracle-smoke.sh::status_branch_short_short	short branch before short matches stock Git short branch output
Basic Snapshotting	status	--short	<empty>	-b dirty/untracked	dirty/untracked	local	all	git status --short -b	closed	tools/git-status-branch-verbose-oracle-smoke.sh::status_short_branch_short	short before short branch matches stock Git short branch output
Basic Snapshotting	status	--porcelain	v2	--short	dirty/untracked	local	all	git status --porcelain=v2 --short	closed	git_status_compat::status_porcelain_matches_stock_git_for_clean_dirty_and_ignored_worktrees	short output takes precedence over porcelain v2
Basic Snapshotting	status	--porcelain	v2	--short --branch	dirty/untracked	local	all	git status --porcelain=v2 --short --branch	closed	git_status_compat::status_porcelain_matches_stock_git_for_clean_dirty_and_ignored_worktrees	short branch output takes precedence over porcelain v2
Basic Snapshotting	status	-b	<empty>	human dirty/untracked	dirty/untracked with upstream	local	all	git status -b	closed	git_status_compat::status_human_branch_modes_match_stock_git	human branch header in dirty worktree
Basic Snapshotting	status	--branch	<empty>	human dirty/untracked	dirty/untracked with upstream	local	all	git status --branch	closed	git_status_compat::status_human_branch_modes_match_stock_git	long branch spelling in dirty worktree
Basic Snapshotting	status	-b	<empty>	human upstream ahead	local commit ahead of upstream	local	all	git status -b	closed	git_status_compat::status_human_branch_modes_match_stock_git	human branch header with local branch ahead of upstream
Basic Snapshotting	status	--branch	<empty>	human upstream ahead	local commit ahead of upstream	local	all	git status --branch	closed	git_status_compat::status_human_branch_modes_match_stock_git	long branch spelling with local branch ahead of upstream
Basic Snapshotting	status	-u	<empty>	--porcelain=v1	dirty/untracked dir	local	all	git status --porcelain=v1 -u	closed	git_status_compat::status_porcelain_matches_stock_git_for_clean_dirty_and_ignored_worktrees	default missing value all
Basic Snapshotting	status	-u	no	--porcelain=v1 --branch	dirty/untracked dir	local	all	git status --porcelain=v1 --branch -uno	closed	git_status_compat::status_porcelain_matches_stock_git_for_clean_dirty_and_ignored_worktrees	compact no form
Basic Snapshotting	status	-u	normal	--porcelain=v1	dirty/untracked dir	local	all	git status --porcelain=v1 -unormal	closed	git_status_compat::status_porcelain_matches_stock_git_for_clean_dirty_and_ignored_worktrees	compact normal form
Basic Snapshotting	status	-u	all	--porcelain=v1 --branch	dirty/untracked dir	local	all	git status --porcelain=v1 --branch -uall	closed	git_status_compat::status_porcelain_matches_stock_git_for_clean_dirty_and_ignored_worktrees	compact all form
Basic Snapshotting	status	--untracked-files	<empty>	--porcelain=v1	dirty/untracked dir	local	all	git status --porcelain=v1 --untracked-files	closed	git_status_compat::status_porcelain_matches_stock_git_for_clean_dirty_and_ignored_worktrees	default missing value all
Basic Snapshotting	status	--untracked-files	no	<none>	dirty/untracked dir	local	all	git status --untracked-files=no	closed	git_status_compat::status_porcelain_matches_stock_git_for_clean_dirty_and_ignored_worktrees	human no-untracked coverage
Basic Snapshotting	status	--untracked-files	normal	--porcelain=v1	dirty/untracked dir	local	all	git status --porcelain=v1 --untracked-files=normal	closed	git_status_compat::status_porcelain_matches_stock_git_for_clean_dirty_and_ignored_worktrees	normal mode
Basic Snapshotting	status	--untracked-files	all	--porcelain=v1	dirty/untracked dir	local	all	git status --porcelain=v1 --untracked-files=all	closed	git_status_compat::status_porcelain_matches_stock_git_for_clean_dirty_and_ignored_worktrees	all mode
Basic Snapshotting	status	--untracked-files	bogus	invalid mode value	clean repository	local	all	git status --untracked-files=bogus	invalid-input	git_status_compat::status_invalid_untracked_files_mode_matches_stock_git	unsupported untracked-files mode guard is classified as stock-compatible invalid input with exit code and fatal diagnostic parity
Basic Snapshotting	status	--ignored	<empty>	--porcelain=v1	ignored files/directories	local	all	git status --porcelain=v1 --ignored	closed	git_status_compat::status_porcelain_matches_stock_git_for_clean_dirty_and_ignored_worktrees	default traditional mode
Basic Snapshotting	status	--ignored	<empty>	--porcelain=v1 -z through replacement shim	cloned repository with untracked and ignored files	local	all	git status --ignored --porcelain=v1 -z	closed	tools/git-replacement-dogfood-smoke.sh::status_ignored_porcelain_z	NUL-delimited ignored status output matches stock Git through a git-in-PATH replacement shim
Basic Snapshotting	status	--ignored	<empty>	--porcelain=v2 -z --branch through replacement shim	cloned repository with untracked and ignored files	local	all	git status --ignored --porcelain=v2 -z --branch	closed	tools/git-replacement-dogfood-smoke.sh::status_ignored_v2_z_branch	NUL-delimited porcelain v2 branch ignored status output matches stock Git through a git-in-PATH replacement shim
Basic Snapshotting	status	--ignored	traditional	--porcelain=v1	ignored files/directories	local	all	git status --porcelain=v1 --ignored=traditional	closed	git_status_compat::status_porcelain_matches_stock_git_for_clean_dirty_and_ignored_worktrees	traditional mode
Basic Snapshotting	status	--ignored	matching	--porcelain=v1	ignored files/directories	local	all	git status --porcelain=v1 --ignored=matching	closed	git_status_compat::status_porcelain_matches_stock_git_for_clean_dirty_and_ignored_worktrees	matching mode
Basic Snapshotting	status	--ignored	no	--porcelain=v1	ignored files/directories	local	all	git status --porcelain=v1 --ignored=no	closed	git_status_compat::status_porcelain_matches_stock_git_for_clean_dirty_and_ignored_worktrees	explicit no mode
Basic Snapshotting	status	--ignored	bogus	invalid mode value	clean repository	local	all	git status --ignored=bogus	invalid-input	git_status_compat::status_invalid_ignored_mode_matches_stock_git	unsupported ignored mode guard is classified as stock-compatible invalid input with exit code and fatal diagnostic parity
Basic Snapshotting	status	<pathspec>	file	--porcelain=v1	dirty tracked file	local	all	git status --porcelain=v1 -- a.txt	closed	git_status_compat::status_pathspec_modes_match_stock_git	exact file pathspec
Basic Snapshotting	status	<pathspec>	directory	--porcelain=v1	dirty tracked and untracked under directory	local	all	git status --porcelain=v1 -- dir	closed	git_status_compat::status_pathspec_modes_match_stock_git	directory pathspec without trailing slash
Basic Snapshotting	status	<pathspec>	directory/	--porcelain=v1	dirty tracked and untracked under directory	local	all	git status --porcelain=v1 -- dir/	closed	git_status_compat::status_pathspec_modes_match_stock_git	directory pathspec with trailing slash
Basic Snapshotting	status	<pathspec>	glob	--porcelain=v1	dirty tracked and untracked matching basename glob	local	all	git status --porcelain=v1 -- *.txt	closed	git_status_compat::status_pathspec_modes_match_stock_git	default pathspec glob
Basic Snapshotting	status	<pathspec>	:(glob)	--porcelain=v1	dirty tracked under directory glob	local	all	git status --porcelain=v1 -- ':(glob)dir/*.txt'	closed	git_status_compat::status_pathspec_modes_match_stock_git	explicit glob magic
Basic Snapshotting	status	<pathspec>	:(literal)	--porcelain=v1	dirty tracked literal metachar path	local	all	git status --porcelain=v1 -- ':(literal)a*b.txt'	closed	git_status_compat::status_pathspec_modes_match_stock_git	explicit literal magic
Basic Snapshotting	status	<pathspec>	:(icase)	--porcelain=v1	dirty tracked case-insensitive path	local	all	git status --porcelain=v1 -- ':(icase)other/abc.txt'	closed	git_status_compat::status_pathspec_modes_match_stock_git	explicit icase magic
Basic Snapshotting	status	<pathspec>	:(exclude)	--porcelain=v1	dirty tracked and untracked basename glob	local	all	git status --porcelain=v1 -- '*.txt' ':(exclude)a.txt'	closed	git_status_compat::status_pathspec_modes_match_stock_git	exclude magic after positive pathspec
Basic Snapshotting	status	<pathspec>	:(exclude)	--short	dirty tracked and untracked basename glob	local	all	git status --short -- '*.txt' ':(exclude)a.txt'	closed	git_status_compat::status_pathspec_modes_match_stock_git	short output with exclude magic
Basic Snapshotting	status	<pathspec>	directory	human	dirty tracked and untracked under directory	local	all	git status -- dir	closed	git_status_compat::status_pathspec_modes_match_stock_git	human renderer filters tracked and untracked paths
Basic Snapshotting	status	<pathspec>	directory	--short through replacement shim	dirty nested tracked file	local	all	git status --short -- dir	closed	tools/git-replacement-dogfood-smoke.sh::status_short_pathspec_dir	short directory pathspec output matches stock Git through a git-in-PATH replacement shim
Basic Snapshotting	status	<pathspec>	directory	--porcelain=v1 -z through replacement shim	dirty nested tracked file	local	all	git status --porcelain=v1 -z -- dir	closed	tools/git-replacement-dogfood-smoke.sh::status_pathspec_dir_z	NUL-delimited porcelain v1 directory pathspec output matches stock Git through a git-in-PATH replacement shim
Basic Snapshotting	status	--literal-pathspecs	path	--porcelain=v1	dirty tracked literal metachar path	local	all	git --literal-pathspecs status --porcelain=v1 -- a*b.txt	closed	git_status_compat::status_pathspec_modes_match_stock_git	global literal pathspec flag
Basic Snapshotting	status	--glob-pathspecs	path	--porcelain=v1	dirty tracked glob path	local	all	git --glob-pathspecs status --porcelain=v1 -- a*.txt	closed	git_status_compat::status_pathspec_modes_match_stock_git	global glob pathspec flag
Basic Snapshotting	status	--icase-pathspecs	path	--porcelain=v1	dirty tracked case-insensitive path	local	all	git --icase-pathspecs status --porcelain=v1 -- other/abc.txt	closed	git_status_compat::status_pathspec_modes_match_stock_git	global icase pathspec flag
Basic Snapshotting	status	--verbose	<empty>	<none>	dirty/staged	local	all	git status --verbose	closed	git_status_compat::status_verbose_modes_match_stock_git	long output with cached diff
Basic Snapshotting	status	-v	<empty>	<none>	dirty/staged	local	all	git status -v	closed	git_status_compat::status_verbose_modes_match_stock_git	short verbose spelling matches --verbose
Basic Snapshotting	status	-vv	<empty>	<none>	dirty/staged	local	all	git status -vv	closed	git_status_compat::status_verbose_modes_match_stock_git	double verbose prints cached and worktree diff
Basic Snapshotting	status	--no-verbose	<empty>	--verbose	dirty/staged	local	all	git status --verbose --no-verbose	closed	git_status_compat::status_verbose_modes_match_stock_git	order-sensitive reset after verbose
Basic Snapshotting	status	--verbose	<empty>	--no-verbose	dirty/staged	local	all	git status --no-verbose --verbose	closed	git_status_compat::status_verbose_modes_match_stock_git	order-sensitive verbose after reset
Basic Snapshotting	status	--no-verbose	<empty>	-vv	dirty/staged	local	all	git status -vv --no-verbose	closed	git_status_compat::status_verbose_modes_match_stock_git	order-sensitive reset after double verbose
Basic Snapshotting	status	-vv	<empty>	--no-verbose	dirty/staged	local	all	git status --no-verbose -vv	closed	git_status_compat::status_verbose_modes_match_stock_git	double verbose after reset prints cached and worktree diff
Basic Snapshotting	status	--verbose	<empty>	--short	dirty/staged	local	all	git status --short --verbose	closed	git_status_compat::status_verbose_modes_match_stock_git	short output ignores verbose diff like stock Git
Basic Snapshotting	status	--verbose	<empty>	--porcelain=v1	dirty/staged	local	all	git status --porcelain=v1 --verbose	closed	git_status_compat::status_verbose_modes_match_stock_git	porcelain v1 ignores verbose diff like stock Git
Basic Snapshotting	status	--verbose	<empty>	--porcelain=v2	dirty/staged	local	all	git status --porcelain=v2 --verbose	closed	git_status_compat::status_verbose_modes_match_stock_git	porcelain v2 ignores verbose diff like stock Git
Basic Snapshotting	status	--verbose	<empty>	--branch dirty/untracked	dirty/untracked	local	all	git status --verbose --branch	closed	tools/git-status-branch-verbose-oracle-smoke.sh::status_verbose_branch_long	verbose with branch matches stock Git without extra trailing blank line
Basic Snapshotting	status	--branch	<empty>	--verbose dirty/untracked	dirty/untracked	local	all	git status --branch --verbose	closed	tools/git-status-branch-verbose-oracle-smoke.sh::status_branch_verbose_long	branch before verbose matches stock Git without extra trailing blank line
Basic Snapshotting	status	-v	<empty>	-b dirty/untracked	dirty/untracked	local	all	git status -v -b	closed	tools/git-status-branch-verbose-oracle-smoke.sh::status_verbose_short_branch	short verbose with short branch matches stock Git without extra trailing blank line
Basic Snapshotting	status	--verbose	<empty>	--no-branch dirty/untracked	dirty/untracked	local	all	git status --verbose --no-branch	closed	tools/git-status-branch-verbose-oracle-smoke.sh::status_verbose_no_branch_long	verbose with no-branch matches stock Git long output without branch header
Basic Snapshotting	status	--no-branch	<empty>	--verbose dirty/untracked	dirty/untracked	local	all	git status --no-branch --verbose	closed	tools/git-status-branch-verbose-oracle-smoke.sh::status_no_branch_verbose_long	no-branch before verbose matches stock Git long output without branch header
Basic Snapshotting	status	-v	<empty>	--no-branch dirty/untracked	dirty/untracked	local	all	git status -v --no-branch	closed	tools/git-status-branch-verbose-oracle-smoke.sh::status_verbose_short_no_branch	short verbose with no-branch matches stock Git long output without branch header
Basic Snapshotting	status	--long	<empty>	<none>	dirty/staged	local	all	git status --long	closed	git_status_compat::status_long_mode_toggles_match_stock_git	explicit long spelling matches stock Git
Basic Snapshotting	status	--long	<empty>	--branch dirty/untracked	dirty/untracked	local	all	git status --long --branch	closed	tools/git-status-branch-verbose-oracle-smoke.sh::status_long_branch_long	long with branch matches stock Git human branch output
Basic Snapshotting	status	--branch	<empty>	--long dirty/untracked	dirty/untracked	local	all	git status --branch --long	closed	tools/git-status-branch-verbose-oracle-smoke.sh::status_branch_long_long	branch before long matches stock Git human branch output
Basic Snapshotting	status	--long	<empty>	--no-branch dirty/untracked	dirty/untracked	local	all	git status --long --no-branch	closed	tools/git-status-branch-verbose-oracle-smoke.sh::status_long_no_branch_long	long with no-branch matches stock Git human output without branch header
Basic Snapshotting	status	--no-branch	<empty>	--long dirty/untracked	dirty/untracked	local	all	git status --no-branch --long	closed	tools/git-status-branch-verbose-oracle-smoke.sh::status_no_branch_long_long	no-branch before long matches stock Git human output without branch header
Basic Snapshotting	status	--no-long	<empty>	<none>	dirty/staged	local	all	git status --no-long	closed	git_status_compat::status_long_mode_toggles_match_stock_git	no-long keeps long human output like stock Git
Basic Snapshotting	status	--no-long	<empty>	--branch dirty/untracked	dirty/untracked	local	all	git status --no-long --branch	closed	tools/git-status-branch-verbose-oracle-smoke.sh::status_no_long_branch	no-long with branch keeps human branch output like stock Git
Basic Snapshotting	status	--branch	<empty>	--no-long dirty/untracked	dirty/untracked	local	all	git status --branch --no-long	closed	tools/git-status-branch-verbose-oracle-smoke.sh::status_branch_no_long	branch before no-long keeps human branch output like stock Git
Basic Snapshotting	status	--no-long	<empty>	--no-branch dirty/untracked	dirty/untracked	local	all	git status --no-long --no-branch	closed	tools/git-status-branch-verbose-oracle-smoke.sh::status_no_long_no_branch	no-long with no-branch keeps human output without branch header like stock Git
Basic Snapshotting	status	--no-branch	<empty>	--no-long dirty/untracked	dirty/untracked	local	all	git status --no-branch --no-long	closed	tools/git-status-branch-verbose-oracle-smoke.sh::status_no_branch_no_long	no-branch before no-long keeps human output without branch header like stock Git
Basic Snapshotting	status	--long	<empty>	--short	dirty/staged	local	all	git status --short --long	closed	git_status_compat::status_long_mode_toggles_match_stock_git	long resets earlier short output
Basic Snapshotting	status	--short	<empty>	--long	dirty/staged	local	all	git status --long --short	closed	git_status_compat::status_long_mode_toggles_match_stock_git	short resets earlier long output
Basic Snapshotting	status	--no-long	<empty>	--short	dirty/staged	local	all	git status --short --no-long	closed	git_status_compat::status_long_mode_toggles_match_stock_git	no-long resets earlier short output
Basic Snapshotting	status	--short	<empty>	--no-long	dirty/staged	local	all	git status --no-long --short	closed	git_status_compat::status_long_mode_toggles_match_stock_git	short resets earlier no-long output
Basic Snapshotting	status	--long	<empty>	--short --no-branch dirty/untracked	dirty/untracked	local	all	git status --long --short --no-branch	closed	tools/git-status-branch-verbose-oracle-smoke.sh::status_long_short_no_branch	later short with no-branch yields short output without branch header like stock Git
Basic Snapshotting	status	--short	<empty>	--long --no-branch dirty/untracked	dirty/untracked	local	all	git status --short --long --no-branch	closed	tools/git-status-branch-verbose-oracle-smoke.sh::status_short_long_no_branch	later no-branch after long then short yields short output without branch header like stock Git
Basic Snapshotting	status	--short	<empty>	--no-long --no-branch dirty/untracked	dirty/untracked	local	all	git status --short --no-long --no-branch	closed	tools/git-status-branch-verbose-oracle-smoke.sh::status_short_no_long_no_branch	short survives trailing no-long and no-branch like stock Git
Basic Snapshotting	status	--no-branch	<empty>	--short --no-long dirty/untracked	dirty/untracked	local	all	git status --no-branch --short --no-long	closed	tools/git-status-branch-verbose-oracle-smoke.sh::status_no_branch_short_no_long	no-branch with short then no-long yields short output without branch header like stock Git
Basic Snapshotting	status	--long	<empty>	--no-branch --short dirty/untracked	dirty/untracked	local	all	git status --long --no-branch --short	closed	tools/git-status-branch-verbose-oracle-smoke.sh::status_short_branch_no_long	long then no-branch then short yields short output without branch header like stock Git
Basic Snapshotting	status	--no-branch	<empty>	--long --short dirty/untracked	dirty/untracked	local	all	git status --no-branch --long --short	closed	tools/git-status-branch-verbose-oracle-smoke.sh::status_no_branch_long_short	no-branch then long then short yields short output without branch header like stock Git
Basic Snapshotting	status	--short	<empty>	--no-branch dirty/untracked	dirty/untracked	local	all	git status --short --no-branch	closed	tools/git-status-branch-verbose-oracle-smoke.sh::status_short_no_branch	short with explicit no-branch matches stock Git short output
Basic Snapshotting	status	--no-branch	<empty>	--short dirty/untracked	dirty/untracked	local	all	git status --no-branch --short	closed	tools/git-status-branch-verbose-oracle-smoke.sh::status_no_branch_short	explicit no-branch before short matches stock Git short output
Basic Snapshotting	status	--branch	<empty>	--no-branch dirty/untracked	dirty/untracked	local	all	git status --branch --no-branch	closed	tools/git-status-branch-verbose-oracle-smoke.sh::status_branch_no_branch	later no-branch clears earlier branch header like stock Git
Basic Snapshotting	status	--no-branch	<empty>	--branch dirty/untracked	dirty/untracked	local	all	git status --no-branch --branch	closed	tools/git-status-branch-verbose-oracle-smoke.sh::status_no_branch_branch	later branch restores branch header like stock Git
Basic Snapshotting	status	-b	<empty>	--no-branch dirty/untracked	dirty/untracked	local	all	git status -b --no-branch	closed	tools/git-status-branch-verbose-oracle-smoke.sh::status_branch_short_no_branch	short branch then no-branch clears branch header like stock Git
Basic Snapshotting	status	--no-branch	<empty>	-b dirty/untracked	dirty/untracked	local	all	git status --no-branch -b	closed	tools/git-status-branch-verbose-oracle-smoke.sh::status_no_branch_branch_short	no-branch then short branch restores branch header like stock Git
Basic Snapshotting	status	--short	<empty>	--branch --no-branch dirty/untracked	dirty/untracked	local	all	git status --short --branch --no-branch	closed	tools/git-status-branch-verbose-oracle-smoke.sh::status_short_branch_no_branch	short output drops branch header after later no-branch like stock Git
Basic Snapshotting	status	--show-stash	<empty>	human	stash exists	local	all	git status --show-stash	closed	git_status_compat::status_show_stash_matches_stock_git	human prints stash count
Basic Snapshotting	status	--no-show-stash	<empty>	<none>	stash exists	local	all	git status --no-show-stash	closed	git_status_compat::status_show_stash_matches_stock_git	hides stash count
Basic Snapshotting	status	--no-show-stash	<empty>	--show-stash	stash exists	local	all	git status --show-stash --no-show-stash	closed	git_status_compat::status_show_stash_matches_stock_git	order-sensitive reset hides stash count
Basic Snapshotting	status	--show-stash	<empty>	--no-show-stash	stash exists	local	all	git status --no-show-stash --show-stash	closed	git_status_compat::status_show_stash_matches_stock_git	order-sensitive show after reset prints stash count
Basic Snapshotting	status	--show-stash	<empty>	--porcelain=v2	stash exists	local	all	git status --porcelain=v2 --show-stash	closed	git_status_compat::status_show_stash_matches_stock_git	porcelain v2 prints stash header
Basic Snapshotting	status	--show-stash	<empty>	--porcelain=v2 --branch	stash exists	local	all	git status --porcelain=v2 --branch --show-stash	closed	git_status_compat::status_show_stash_matches_stock_git	porcelain v2 branch output includes stash header
Basic Snapshotting	status	--show-stash	<empty>	--porcelain=v1 --branch	stash exists	local	all	git status --porcelain=v1 --branch --show-stash	closed	git_status_compat::status_show_stash_matches_stock_git	porcelain v1 branch output ignores stash count like stock Git
Basic Snapshotting	status	--show-stash	<empty>	--short	stash exists	local	all	git status --short --show-stash	closed	git_status_compat::status_show_stash_matches_stock_git	short output ignores stash count like stock Git
Basic Snapshotting	status	--show-stash	<empty>	-z	stash exists	local	all	git status -z --show-stash	closed	git_status_compat::status_show_stash_matches_stock_git	implicit porcelain v1 NUL output ignores stash count like stock Git
Basic Snapshotting	status	--show-stash	<empty>	--branch stash exists	stash exists	local	all	git status --show-stash --branch	closed	tools/git-status-branch-verbose-oracle-smoke.sh::status_show_stash_branch	human branch output shows stash count like stock Git
Basic Snapshotting	status	--branch	<empty>	--show-stash stash exists	stash exists	local	all	git status --branch --show-stash	closed	tools/git-status-branch-verbose-oracle-smoke.sh::status_branch_show_stash	branch before show-stash keeps human stash count like stock Git
Basic Snapshotting	status	--show-stash	<empty>	--no-branch stash exists	stash exists	local	all	git status --show-stash --no-branch	closed	tools/git-status-branch-verbose-oracle-smoke.sh::status_show_stash_no_branch	human no-branch output still shows stash count like stock Git
Basic Snapshotting	status	--no-branch	<empty>	--show-stash stash exists	stash exists	local	all	git status --no-branch --show-stash	closed	tools/git-status-branch-verbose-oracle-smoke.sh::status_no_branch_show_stash	no-branch before show-stash keeps stash count without branch header like stock Git
Basic Snapshotting	status	--no-show-stash	<empty>	--branch --show-stash stash exists	stash exists	local	all	git status --branch --show-stash --no-show-stash	closed	tools/git-status-branch-verbose-oracle-smoke.sh::status_branch_show_stash_no_show_stash	later no-show-stash clears human stash count after branch like stock Git
Basic Snapshotting	status	--show-stash	<empty>	--branch --no-show-stash stash exists	stash exists	local	all	git status --branch --no-show-stash --show-stash	closed	tools/git-status-branch-verbose-oracle-smoke.sh::status_branch_no_show_stash_show_stash	later show-stash restores human stash count after branch like stock Git
Basic Snapshotting	status	--show-stash	<empty>	--short --branch stash exists	stash exists	local	all	git status --short --branch --show-stash	closed	tools/git-status-branch-verbose-oracle-smoke.sh::status_short_branch_show_stash	short branch output still ignores stash count like stock Git
Basic Snapshotting	status	--no-show-stash	<empty>	--short --branch --show-stash stash exists	stash exists	local	all	git status --short --branch --show-stash --no-show-stash	closed	tools/git-status-branch-verbose-oracle-smoke.sh::status_short_branch_show_stash_no_show_stash	short branch output still ignores stash count after trailing no-show-stash like stock Git
Basic Snapshotting	status	--ahead-behind	<empty>	--porcelain=v2 --branch	local commit ahead of upstream	local	all	git status --porcelain=v2 --branch --ahead-behind	closed	git_status_compat::status_branch_reports_upstream_ahead_count	explicit full upstream counts
Basic Snapshotting	status	--no-ahead-behind	<empty>	--porcelain=v2 --branch	local commit ahead of upstream	local	all	git status --porcelain=v2 --branch --no-ahead-behind	closed	git_status_compat::status_branch_reports_upstream_ahead_count	v2 uses +? -? when refs differ
Basic Snapshotting	status	--no-ahead-behind	<empty>	--porcelain=v1 --branch	local commit ahead of upstream	local	all	git status --porcelain=v1 --branch --no-ahead-behind	closed	git_status_compat::status_branch_reports_upstream_ahead_count	v1 branch output uses stock different marker
Basic Snapshotting	status	--no-ahead-behind	<empty>	--short --branch	local commit ahead of upstream	local	all	git status --short --branch --no-ahead-behind	closed	git_status_compat::status_branch_reports_upstream_ahead_count	short branch output uses stock different marker
Basic Snapshotting	status	--no-ahead-behind	<empty>	--branch --ahead-behind	local commit ahead of upstream	local	all	git status --branch --ahead-behind --no-ahead-behind	closed	tools/git-status-branch-verbose-oracle-smoke.sh::status_branch_ahead_behind_no_ahead_behind	later no-ahead-behind resets human branch output to different-commits marker like stock Git
Basic Snapshotting	status	--ahead-behind	<empty>	--branch --no-ahead-behind	local commit ahead of upstream	local	all	git status --branch --no-ahead-behind --ahead-behind	closed	tools/git-status-branch-verbose-oracle-smoke.sh::status_branch_no_ahead_behind_ahead_behind	later ahead-behind restores explicit ahead count in human branch output like stock Git
Basic Snapshotting	status	--no-ahead-behind	<empty>	--porcelain=v2 --branch	upstream equal	local	all	git status --porcelain=v2 --branch --no-ahead-behind	closed	git_status_compat::status_branch_no_ahead_behind_reports_equal_upstream_like_stock_git	v2 omits ahead-behind counts when upstream is equal
Basic Snapshotting	status	--no-ahead-behind	<empty>	--porcelain=v1 --branch	upstream equal	local	all	git status --porcelain=v1 --branch --no-ahead-behind	closed	git_status_compat::status_branch_no_ahead_behind_reports_equal_upstream_like_stock_git	v1 omits different marker when upstream is equal
Basic Snapshotting	status	--no-ahead-behind	<empty>	--branch divergent local commits	local branch ahead of upstream with explicit no-ahead-behind	local	all	git status --branch --no-ahead-behind	closed	git_status_compat::status_branch_no_ahead_behind_reports_different_commits_like_stock_git	human branch output falls back to stock different-commits marker when ahead-behind counts are suppressed
Basic Snapshotting	status	--porcelain	v1	<none>	submodule dirty	local	all	git status --porcelain=v1	closed	git_status_compat::status_ignore_submodules_modes_match_stock_git	default porcelain v1 reports dirty submodule content
Basic Snapshotting	status	--ignore-submodules	<empty>	--porcelain=v1	submodule dirty	local	all	git status --porcelain=v1 --ignore-submodules	closed	git_status_compat::status_ignore_submodules_modes_match_stock_git	default all value suppresses dirty submodule content
Basic Snapshotting	status	--ignore-submodules	all	--porcelain=v1	submodule dirty	local	all	git status --porcelain=v1 --ignore-submodules=all	closed	git_status_compat::status_ignore_submodules_modes_match_stock_git	all suppresses dirty submodule content
Basic Snapshotting	status	--ignore-submodules	dirty	--porcelain=v1	submodule dirty	local	all	git status --porcelain=v1 --ignore-submodules=dirty	closed	git_status_compat::status_ignore_submodules_modes_match_stock_git	dirty suppresses dirty submodule content
Basic Snapshotting	status	--ignore-submodules	untracked	--porcelain=v1	submodule dirty	local	all	git status --porcelain=v1 --ignore-submodules=untracked	closed	git_status_compat::status_ignore_submodules_modes_match_stock_git	untracked mode still reports modified submodule content
Basic Snapshotting	status	--porcelain	v2	<none>	submodule dirty	local	all	git status --porcelain=v2	closed	git_status_compat::status_ignore_submodules_modes_match_stock_git	default porcelain v2 reports dirty submodule content
Basic Snapshotting	status	--ignore-submodules	untracked	--short	submodule dirty	local	all	git status --short --ignore-submodules=untracked	closed	git_status_compat::status_ignore_submodules_modes_match_stock_git	short output still reports modified submodule content
Basic Snapshotting	status	--ignore-submodules	dirty	--porcelain=v1	submodule dirty and untracked	local	all	git status --porcelain=v1 --ignore-submodules=dirty	closed	git_status_compat::status_ignore_submodules_modes_match_stock_git	dirty suppresses dirty and untracked submodule content
Basic Snapshotting	status	--ignore-submodules	untracked	--porcelain=v1	submodule dirty and untracked	local	all	git status --porcelain=v1 --ignore-submodules=untracked	closed	git_status_compat::status_ignore_submodules_modes_match_stock_git	untracked suppresses only untracked submodule content
Basic Snapshotting	status	--ignore-submodules	untracked	human	submodule dirty and untracked	local	all	git status --ignore-submodules=untracked	closed	git_status_compat::status_ignore_submodules_modes_match_stock_git	human output suppresses only untracked submodule content
Basic Snapshotting	status	--ignore-submodules	dirty	--porcelain=v1	submodule new commit	local	all	git status --porcelain=v1 --ignore-submodules=dirty	closed	git_status_compat::status_ignore_submodules_modes_match_stock_git	dirty still reports new submodule commit
Basic Snapshotting	status	--ignore-submodules	all	--porcelain=v1	submodule new commit	local	all	git status --porcelain=v1 --ignore-submodules=all	closed	git_status_compat::status_ignore_submodules_modes_match_stock_git	all suppresses new submodule commit
Basic Snapshotting	status	--ignore-submodules	dirty	--porcelain=v2	submodule new commit	local	all	git status --porcelain=v2 --ignore-submodules=dirty	closed	git_status_compat::status_ignore_submodules_modes_match_stock_git	porcelain v2 dirty mode reports new submodule commit
Basic Snapshotting	status	--ignore-submodules	bogus	invalid mode value	clean repository	local	all	git status --ignore-submodules=bogus	invalid-input	git_status_compat::status_invalid_ignore_submodules_mode_matches_stock_git	unsupported ignore-submodules mode guard is classified as stock-compatible invalid input with exit code and fatal diagnostic parity
Basic Snapshotting	status	<none>	<empty>	invalid extensions.objectFormat config	repositoryFormatVersion=1 with objectFormat=bogus	local	all	git status --short	invalid-input	git_status_compat::status_invalid_object_format_config_matches_stock_git	unsupported object format guard is classified as stock-compatible invalid repository config with exit code and diagnostic parity
Basic Snapshotting	status	--column	<empty>	human untracked	untracked many	local	all	git status --column	closed	git_status_compat::status_column_modes_match_stock_git	columnized human untracked output
Basic Snapshotting	status	--no-column	<empty>	human untracked	untracked many	local	all	git status --no-column	closed	git_status_compat::status_column_modes_match_stock_git	plain human untracked output
Basic Snapshotting	status	--no-column	<empty>	--column	untracked many	local	all	git status --column --no-column	closed	git_status_compat::status_column_modes_match_stock_git	order-sensitive reset disables columns
Basic Snapshotting	status	--column	<empty>	--no-column	untracked many	local	all	git status --no-column --column	closed	git_status_compat::status_column_modes_match_stock_git	order-sensitive column after reset enables columns
Basic Snapshotting	status	--column	never	human untracked	untracked many	local	all	git status --column=never	closed	git_status_compat::status_column_modes_match_stock_git	explicit never disables columns
Basic Snapshotting	status	--column	always	human untracked	untracked many	local	all	git status --column=always	closed	git_status_compat::status_column_modes_match_stock_git	explicit always enables columns
Basic Snapshotting	status	--column	<empty>	--short	untracked many	local	all	git status --short --column	closed	git_status_compat::status_column_modes_match_stock_git	short output ignores column option like stock Git
Basic Snapshotting	status	--column	<empty>	--porcelain=v1	untracked many	local	all	git status --porcelain=v1 --column	closed	git_status_compat::status_column_modes_match_stock_git	porcelain v1 ignores column option like stock Git
Basic Snapshotting	status	<none>	<empty>	column.status=always	untracked many	local	all	git status	closed	git_status_compat::status_column_modes_match_stock_git	configured column.status=always enables columns
Basic Snapshotting	status	--no-column	<empty>	column.status=always	untracked many	local	all	git status --no-column	closed	git_status_compat::status_column_modes_match_stock_git	no-column overrides column.status=always
Basic Snapshotting	status	--column	never	column.status=always	untracked many	local	all	git status --column=never	closed	git_status_compat::status_column_modes_match_stock_git	column=never overrides column.status=always
Basic Snapshotting	status	--column	bogus	invalid mode value	clean repository	local	all	git status --column=bogus	invalid-input	git_status_compat::status_invalid_column_mode_matches_stock_git	unsupported column mode guard is classified as stock-compatible invalid input with exit code and error diagnostic parity
Basic Snapshotting	status	--porcelain	v1	<none>	staged exact rename	local	all	git status --porcelain=v1	closed	git_status_compat::status_rename_modes_match_stock_git	default rename detection in porcelain v1
Basic Snapshotting	status	--renames	<empty>	--porcelain=v1	staged exact rename	local	all	git status --porcelain=v1 --renames	closed	git_status_compat::status_rename_modes_match_stock_git	explicit default rename detection in porcelain v1
Basic Snapshotting	status	--no-renames	<empty>	--porcelain=v1	staged exact rename	local	all	git status --porcelain=v1 --no-renames	closed	git_status_compat::status_rename_modes_match_stock_git	disables rename detection and prints add/delete
Basic Snapshotting	status	--find-renames	<empty>	--porcelain=v1	staged exact rename	local	all	git status --porcelain=v1 --find-renames	closed	git_status_compat::status_rename_modes_match_stock_git	default threshold; exact rename evidence
Basic Snapshotting	status	--find-renames	<n>	--porcelain=v1	staged exact rename	local	all	git status --porcelain=v1 --find-renames=50%	closed	git_status_compat::status_rename_modes_match_stock_git	threshold accepted; exact rename evidence
Basic Snapshotting	status	-M	<empty>	--porcelain=v1 staged exact rename	staged exact rename	local	all	git status --porcelain=v1 -M	closed	tools/git-var-status-schema-gap-probe.sh::status_find_renames_short_gap	short rename detection with porcelain v1 staged exact rename matches stock Git stdout, stderr and exit code
Basic Snapshotting	status	--renames	<empty>	--porcelain=v2	staged exact rename	local	all	git status --porcelain=v2 --renames	closed	git_status_compat::status_rename_modes_match_stock_git	explicit rename detection in porcelain v2
Basic Snapshotting	status	--renames	<empty>	--short	staged exact rename	local	all	git status --short --renames	closed	git_status_compat::status_rename_modes_match_stock_git	explicit rename detection in short output
Basic Snapshotting	status	--renames	<empty>	human	staged exact rename	local	all	git status --renames	closed	git_status_compat::status_rename_modes_match_stock_git	explicit rename detection in human output
Basic Snapshotting	status	--untracked-cache	<empty>	<none>	any	local	all	git status --untracked-cache	invalid-input	git_status_compat::status_cache_index_toggles_are_not_stock_git_options	stock Git 2.47 rejects this status option; use update-index for untracked cache
Basic Snapshotting	status	--no-untracked-cache	<empty>	<none>	any	local	all	git status --no-untracked-cache	invalid-input	git_status_compat::status_cache_index_toggles_are_not_stock_git_options	stock Git 2.47 rejects this status option; use update-index for untracked cache
Basic Snapshotting	status	--split-index	<empty>	<none>	any	local	all	git status --split-index	invalid-input	git_status_compat::status_cache_index_toggles_are_not_stock_git_options	stock Git 2.47 rejects this status option; use update-index for split index
Basic Snapshotting	status	--no-split-index	<empty>	<none>	any	local	all	git status --no-split-index	invalid-input	git_status_compat::status_cache_index_toggles_are_not_stock_git_options	stock Git 2.47 rejects this status option; use update-index for split index
Basic Snapshotting	status	--porcelain	v3	invalid version value	clean repository	local	all	git status --porcelain=v3	invalid-input	git_status_compat::status_invalid_porcelain_version_matches_stock_git	unsupported porcelain version guard is classified as stock-compatible invalid input with exit code and fatal diagnostic parity
Basic Snapshotting	status	-1	<empty>	unknown short switch	clean repository	local	all	git status -1	invalid-input	tools/git-status-schema-oracle-smoke.sh::status_invalid_short_one	rejects unknown short 1 switch with stock exit 129, empty stdout, exact usage stderr and unchanged status/index
Basic Snapshotting	status	--merge	<empty>	unknown option	clean repository	local	all	git status --merge	invalid-input	tools/git-status-schema-oracle-smoke.sh::status_invalid_merge	rejects unknown merge option with stock exit 129, empty stdout, exact usage stderr and unchanged status/index
Basic Snapshotting	status	--summary-limit	1	unknown option	clean repository	local	all	git status --summary-limit=1	invalid-input	tools/git-status-schema-oracle-smoke.sh::status_invalid_summary_limit	rejects unknown summary-limit option with stock exit 129, empty stdout, exact usage stderr and unchanged status/index
Basic Snapshotting	status	-P	<empty>	--short	dirty tracked file	local	all	git -P status --short	closed	git_global_cli_compat::global_noop_options_match_stock_git_in_noninteractive_mode	global no-pager short option stripped before status dispatch like stock Git in noninteractive mode
Basic Snapshotting	status	--no-pager	<empty>	--short	dirty tracked file	local	all	git --no-pager status --short	closed	git_global_cli_compat::global_noop_options_match_stock_git_in_noninteractive_mode	global no-pager long option stripped before status dispatch like stock Git in noninteractive mode
Basic Snapshotting	status	-p	<empty>	--short	dirty tracked file	local	all	git -p status --short	closed	git_global_cli_compat::global_noop_options_match_stock_git_in_noninteractive_mode	global paginate short option preserves noninteractive status output like stock Git
Basic Snapshotting	status	--paginate	<empty>	--short	dirty tracked file	local	all	git --paginate status --short	closed	git_global_cli_compat::global_noop_options_match_stock_git_in_noninteractive_mode	global paginate long option preserves noninteractive status output like stock Git
Basic Snapshotting	status	--no-replace-objects	<empty>	--short	dirty tracked file	local	all	git --no-replace-objects status --short	closed	git_global_cli_compat::global_noop_options_match_stock_git_in_noninteractive_mode	global no-replace-objects option preserves status output like stock Git
Basic Snapshotting	status	--no-lazy-fetch	<empty>	--short	dirty tracked file	local	all	git --no-lazy-fetch status --short	closed	git_global_cli_compat::global_noop_options_match_stock_git_in_noninteractive_mode	global no-lazy-fetch option preserves status output like stock Git
Basic Snapshotting	status	--no-optional-locks	<empty>	<none>	dirty	local	all	git --no-optional-locks status --short	closed	git_global_cli_compat::global_noop_options_match_stock_git_in_noninteractive_mode	global option stripped before status dispatch
Basic Snapshotting	status	--no-advice	<empty>	--short	dirty tracked file	local	all	git --no-advice status --short	closed	git_global_cli_compat::global_noop_options_match_stock_git_in_noninteractive_mode	global no-advice option preserves status output like stock Git
Basic Snapshotting	status	--short	<empty>	--bare	bare repository	local	all	git --bare status --short	closed	git_global_cli_compat::global_bare_option_matches_stock_git_ordering_and_discovery	global --bare short status output matches stock Git in a bare repository
Basic Snapshotting	status	--short	<empty>	--git-dir=<path> --work-tree=<path>	dirty tracked file with explicit repository paths	local	all	git --git-dir=<repo>/.git --work-tree=<repo> status --short	closed	git_global_cli_compat::global_git_dir_and_work_tree_options_match_stock_git	global git-dir/work-tree equals forms route status to the selected worktree like stock Git
Basic Snapshotting	status	--short	<empty>	-C <dir> --git-dir <path> --work-tree <path>	dirty tracked file with explicit repository paths	local	all	git -C <parent> --git-dir repo/.git --work-tree repo status --short	closed	git_global_cli_compat::global_git_dir_and_work_tree_options_match_stock_git	global -C plus git-dir/work-tree separate forms preserve status output like stock Git
Basic Snapshotting	status	--short	<empty>	-C repository path via one or repeated global -C options	dirty tracked file in selected repository	local	all	git -C repo status --short; git -C <parent> -C repo status --short	closed	git_global_cli_compat::global_c_option_changes_directory_like_stock_git	global -C changes the working directory before status dispatch and repeated forms compose like stock Git
Basic Snapshotting	status	<config>	core.attributesFile=<path>	--porcelain=v1 --untracked-files=no	tracked CRLF files with global, root, nested and info attribute overrides plus forced stat mismatch	local	all	git -c core.attributesFile=<path> status --porcelain=v1 --untracked-files=no	closed	git_status_compat::status_content_conversion_preserves_attribute_source_precedence	cached status attribute layers preserve stock Git precedence and exact clean/modified output when content hashing is required
Basic Snapshotting	status	<config>	core.autocrlf=input	--porcelain=v1 --untracked-files=no	tracked file changed from LF to CRLF with identical canonical clean content but a different worktree stat size	local	all	git status --porcelain=v1 --untracked-files=no	closed	git_status_compat::status_size_change_is_modified_before_content_conversion_like_stock_git	worktree stat-size mismatch is reported modified before content conversion exactly like stock Git
Basic Snapshotting	status	<config>	core.repositoryformatversion=2	--porcelain	unsupported repository format version	local repository with version set above the supported maximum	local	all	git status --porcelain	invalid-input	git_status_compat::status_unsupported_repository_format_version_matches_stock_git	status rejects repository format version 2 with stock exit 128 and exact fatal diagnostic
