command	option	evidence	notes
bundle	--progress	docs/cli/matrices/bundle_v2_47.tsv; target/git-doc-cache/v2.47.1/git-bundle.txt; crates/zmin-cli/tests/git_pack_integrity_compat.rs	Reviewed complete doc-option pair: progress now covers create and unbundle progress stderr, quiet interaction, no-progress override ordering, and exact stock-Git transport and bundle side effects.
bundle	--quiet	docs/cli/matrices/bundle_v2_47.tsv; target/git-doc-cache/v2.47.1/git-bundle.txt; crates/zmin-cli/tests/git_pack_integrity_compat.rs	Reviewed complete doc-option pair: quiet now covers long and short aliases across create and verify, no-quiet override ordering, version composition, and exact stock-Git stdout/stderr parity.
bundle	--version	docs/cli/matrices/bundle_v2_47.tsv; target/git-doc-cache/v2.47.1/git-bundle.txt; crates/zmin-cli/tests/git_pack_integrity_compat.rs	Reviewed complete doc-option pair: version now covers accepted v2, v3, and -1 forms, quiet and no-quiet compositions, short-quiet ordering, unsupported value rejection, and stock-verifiable bundle payload side effects.
bundle	-q	docs/cli/matrices/bundle_v2_47.tsv; target/git-doc-cache/v2.47.1/git-bundle.txt; crates/zmin-cli/tests/git_pack_integrity_compat.rs	Reviewed complete doc-option pair: short quiet alias now covers create output suppression, version ordering, unsupported version parity, and exact stock-Git stderr and bundle side effects.
check-attr	--all	docs/cli/matrices/check_attr_v2_47.tsv; target/git-doc-cache/v2.47.1/git-check-attr.txt; crates/zmin-cli/tests/git_text_tools_compat.rs	Reviewed complete doc-option pair: all-attributes mode now covers positional and stdin queries, tracked and missing paths, repeated long and short forms, and exact stock-Git stdout parity.
check-attr	--cached	docs/cli/matrices/check_attr_v2_47.tsv; target/git-doc-cache/v2.47.1/git-check-attr.txt; crates/zmin-cli/tests/git_text_tools_compat.rs	Reviewed complete doc-option pair: cached mode now covers index-backed lookups against staged attributes and exact stock-Git output without worktree fallback.
check-attr	--source	docs/cli/matrices/check_attr_v2_47.tsv; target/git-doc-cache/v2.47.1/git-check-attr.txt; crates/zmin-cli/tests/git_text_tools_compat.rs	Reviewed complete doc-option pair: source now covers tree-ish backed queries, repeated source ordering, and exact stock-Git attribute resolution against committed history.
check-attr	--stdin	docs/cli/matrices/check_attr_v2_47.tsv; target/git-doc-cache/v2.47.1/git-check-attr.txt; crates/zmin-cli/tests/git_text_tools_compat.rs	Reviewed complete doc-option pair: stdin mode now covers LF and NUL-separated input, mixing with z mode, and exact stock-Git stdout/stderr parity.
check-attr	-a	docs/cli/matrices/check_attr_v2_47.tsv; target/git-doc-cache/v2.47.1/git-check-attr.txt; crates/zmin-cli/tests/git_text_tools_compat.rs	Reviewed complete doc-option pair: short all alias now covers repeated flag use and exact stock-Git all-attribute output like the long form.
check-attr	-z	docs/cli/matrices/check_attr_v2_47.tsv; target/git-doc-cache/v2.47.1/git-check-attr.txt; crates/zmin-cli/tests/git_text_tools_compat.rs	Reviewed complete doc-option pair: z mode now covers NUL-delimited input and output with stdin, plus exact stock-Git parser and rendering parity.
check-ref-format	--allow-onelevel	docs/cli/matrices/check_ref_format_v2_47.tsv; target/git-doc-cache/v2.47.1/git-check-ref-format.txt; crates/zmin-cli/tests/git_check_ref_format_compat.rs	Reviewed complete doc-option pair: allow-onelevel now covers one-level acceptance, normalize interaction, no-allow-onelevel override ordering, and exact stock-Git output for valid and rejected names.
check-ref-format	--no-allow-onelevel	docs/cli/matrices/check_ref_format_v2_47.tsv; target/git-doc-cache/v2.47.1/git-check-ref-format.txt; crates/zmin-cli/tests/git_check_ref_format_compat.rs	Reviewed complete doc-option pair: no-allow-onelevel now covers last-one-wins ordering after allow-onelevel and exact stock-Git rejection of one-level names.
check-ref-format	--normalize	docs/cli/matrices/check_ref_format_v2_47.tsv; target/git-doc-cache/v2.47.1/git-check-ref-format.txt; crates/zmin-cli/tests/git_check_ref_format_compat.rs	Reviewed complete doc-option pair: normalize now covers valid normalized output, allow-onelevel composition, and exact stock-Git trailing-slash rejection parity.
check-ref-format	--refspec-pattern	docs/cli/matrices/check_ref_format_v2_47.tsv; target/git-doc-cache/v2.47.1/git-check-ref-format.txt; crates/zmin-cli/tests/git_check_ref_format_compat.rs	Reviewed complete doc-option pair: refspec-pattern now covers single-wildcard acceptance plus multi-wildcard and colon-containing rejection with exact stock-Git diagnostics.
commit-graph	--no-progress	docs/cli/matrices/commit_graph_v2_47.tsv; target/git-doc-cache/v2.47.1/git-commit-graph.txt; crates/zmin-cli/tests/git_maintenance_compat.rs	Reviewed complete doc-option pair: no-progress now covers write and verify suppression, progress override ordering, and exact stock-Git stderr parity.
commit-graph	--object-dir	docs/cli/matrices/commit_graph_v2_47.tsv; target/git-doc-cache/v2.47.1/git-commit-graph.txt; crates/zmin-cli/tests/git_maintenance_compat.rs	Reviewed complete doc-option pair: object-dir now covers write and verify against the repository object store with exact stock-Git output and file side effects.
commit-graph	--progress	docs/cli/matrices/commit_graph_v2_47.tsv; target/git-doc-cache/v2.47.1/git-commit-graph.txt; crates/zmin-cli/tests/git_maintenance_compat.rs	Reviewed complete doc-option pair: progress now covers write and verify progress stderr, no-progress override ordering, and exact stock-Git verification behavior.
merge-base	--all	docs/cli/matrices/merge_base_v2_47.tsv; target/git-doc-cache/v2.47.1/git-merge-base.txt; crates/zmin-cli/tests/git_merge_compat.rs	Reviewed complete doc-option pair: all now covers identical commits, diverged branches, explicit multi-commit input, and exact stock-Git output ordering for multiple merge bases.
merge-base	-a	docs/cli/matrices/merge_base_v2_47.tsv; target/git-doc-cache/v2.47.1/git-merge-base.txt; crates/zmin-cli/tests/git_merge_compat.rs	Reviewed complete doc-option pair: short all alias now covers the same multi-merge-base output and exact stock-Git parity as the long form.
pack-refs	--all	docs/cli/matrices/pack_refs_v2_47.tsv; target/git-doc-cache/v2.47.1/git-pack-refs.txt; crates/zmin-cli/tests/git_maintenance_compat.rs	Reviewed complete doc-option pair: all now covers full loose-ref packing, exclude interaction, and exact stock-Git files-backend side effects.
pack-refs	--auto	docs/cli/matrices/pack_refs_v2_47.tsv; target/git-doc-cache/v2.47.1/git-pack-refs.txt; crates/zmin-cli/tests/git_maintenance_compat.rs	Reviewed complete doc-option pair: auto now covers default auto-packing behavior on the files backend with exact stock-Git ref side effects.
pack-refs	--exclude	docs/cli/matrices/pack_refs_v2_47.tsv; target/git-doc-cache/v2.47.1/git-pack-refs.txt; crates/zmin-cli/tests/git_maintenance_compat.rs	Reviewed complete doc-option pair: exclude now covers exclude-only and all-plus-exclude packing with exact stock-Git packed-refs results.
pack-refs	--include	docs/cli/matrices/pack_refs_v2_47.tsv; target/git-doc-cache/v2.47.1/git-pack-refs.txt; crates/zmin-cli/tests/git_maintenance_compat.rs	Reviewed complete doc-option pair: include now covers include-only packing with exact stock-Git packed-refs and leftover loose-ref parity.
pack-refs	--no-prune	docs/cli/matrices/pack_refs_v2_47.tsv; target/git-doc-cache/v2.47.1/git-pack-refs.txt; crates/zmin-cli/tests/git_maintenance_compat.rs	Reviewed complete doc-option pair: no-prune now covers retained loose refs after packing with exact stock-Git side effects.
refs	--dry-run	docs/cli/matrices/refs_v2_47.tsv; target/git-doc-cache/v2.47.1/git-refs.txt; crates/zmin-cli/tests/git_refs_compat.rs	Reviewed complete doc-option pair: dry-run now covers verification without ref-format writes plus exact stock-Git stdout/stderr parity.
refs	--ref-format	docs/cli/matrices/refs_v2_47.tsv; target/git-doc-cache/v2.47.1/git-refs.txt; crates/zmin-cli/tests/git_refs_compat.rs	Reviewed complete doc-option pair: ref-format now covers valid files format selection and exact stock-Git invalid format rejection.
refs	--strict	docs/cli/matrices/refs_v2_47.tsv; target/git-doc-cache/v2.47.1/git-refs.txt; crates/zmin-cli/tests/git_refs_compat.rs	Reviewed complete doc-option pair: strict now covers enable, disable, verbose composition, and no-strict override ordering with exact stock-Git parity.
refs	--verbose	docs/cli/matrices/refs_v2_47.tsv; target/git-doc-cache/v2.47.1/git-refs.txt; crates/zmin-cli/tests/git_refs_compat.rs	Reviewed complete doc-option pair: verbose now covers enable, disable, strict composition, and no-verbose override ordering with exact stock-Git parity.
show-index	--object-format	docs/cli/matrices/show_index_v2_47.tsv; target/git-doc-cache/v2.47.1/git-show-index.txt; tools/git-show-index-object-format-oracle-smoke.sh; git_object_plumbing_compat::show_index_option_order_matches_stock_git	Reviewed complete doc-option pair: Git 2.47.1 documents only --object-format=<hash-algorithm>; the matrix covers sha1/sha256, invalid/missing values, repeated forms, negation resets, and order-sensitive overrides with exact stock-Git evidence.
symbolic-ref	--delete	docs/cli/matrices/symbolic_ref_v2_47.tsv; target/git-doc-cache/v2.47.1/git-symbolic-ref.txt; git_refs_compat::symbolic_ref_delete_recurse_and_message_modes_match_stock_git; git_refs_compat::symbolic_ref_option_combinations_match_stock_git	Reviewed complete doc-option pair: delete long form covers success, missing-ref failure, repeated flags, long/short alias interactions, and no-delete override ordering with exact stock-Git evidence.
symbolic-ref	--no-recurse	docs/cli/matrices/symbolic_ref_v2_47.tsv; target/git-doc-cache/v2.47.1/git-symbolic-ref.txt; tools/git-symbolic-ref-schema-oracle-smoke.sh; git_refs_compat::symbolic_ref_read_modes_match_stock_git; git_refs_compat::symbolic_ref_option_combinations_match_stock_git	Reviewed complete doc-option pair: no-recurse covers HEAD and nested symbolic refs, short/full output combinations, repeated flags, recurse override ordering, quiet interactions, and no-delete interactions with exact stock-Git evidence.
symbolic-ref	--quiet	docs/cli/matrices/symbolic_ref_v2_47.tsv; target/git-doc-cache/v2.47.1/git-symbolic-ref.txt; tools/git-symbolic-ref-schema-oracle-smoke.sh; git_refs_compat::symbolic_ref_option_combinations_match_stock_git	Reviewed complete doc-option pair: quiet covers successful reads, detached-HEAD suppression, repeated flags, long/short alias ordering, and no-quiet override behavior with exact stock-Git evidence.
symbolic-ref	--recurse	docs/cli/matrices/symbolic_ref_v2_47.tsv; target/git-doc-cache/v2.47.1/git-symbolic-ref.txt; git_refs_compat::symbolic_ref_delete_recurse_and_message_modes_match_stock_git; git_refs_compat::symbolic_ref_option_combinations_match_stock_git	Reviewed complete doc-option pair: recurse covers explicit recursive reads, default-equivalent behavior, short-output combinations, and override ordering with no-recurse using exact stock-Git evidence.
symbolic-ref	--short	docs/cli/matrices/symbolic_ref_v2_47.tsv; target/git-doc-cache/v2.47.1/git-symbolic-ref.txt; tools/git-symbolic-ref-schema-oracle-smoke.sh; git_refs_compat::update_ref_and_symbolic_ref_match_stock_git_state; git_refs_compat::symbolic_ref_read_modes_match_stock_git; git_refs_compat::symbolic_ref_option_combinations_match_stock_git	Reviewed complete doc-option pair: short covers HEAD and nested refs, recursive and direct targets, repeated flags, no-short override ordering, quiet interactions, no-delete interactions, and detached-HEAD failure shape with exact stock-Git evidence.
symbolic-ref	-d	docs/cli/matrices/symbolic_ref_v2_47.tsv; target/git-doc-cache/v2.47.1/git-symbolic-ref.txt; git_refs_compat::symbolic_ref_delete_recurse_and_message_modes_match_stock_git; git_refs_compat::symbolic_ref_option_combinations_match_stock_git	Reviewed complete doc-option pair: short delete alias covers success, repeated alias use, idempotent interaction with long delete, and override ordering with no-delete using exact stock-Git evidence.
symbolic-ref	-m	docs/cli/matrices/symbolic_ref_v2_47.tsv; target/git-doc-cache/v2.47.1/git-symbolic-ref.txt; git_refs_compat::symbolic_ref_delete_recurse_and_message_modes_match_stock_git	Reviewed complete doc-option pair: reflog message mode covers HEAD target rewrite plus stock-matching reflog side effects with exact stock-Git evidence.
symbolic-ref	-q	docs/cli/matrices/symbolic_ref_v2_47.tsv; target/git-doc-cache/v2.47.1/git-symbolic-ref.txt; git_refs_compat::symbolic_ref_read_modes_match_stock_git; git_refs_compat::symbolic_ref_option_combinations_match_stock_git	Reviewed complete doc-option pair: short quiet alias covers successful reads, detached-HEAD suppression, repeated alias use, and ordering against no-quiet with exact stock-Git evidence.
show-ref	--abbrev	docs/cli/matrices/show_ref_v2_47.tsv; target/git-doc-cache/v2.47.1/git-show-ref.txt; tools/git-schema-parser-oracle-smoke.sh; git_history_query_compat::log_and_history_queries_match_stock_git_for_linear_history	Reviewed complete doc-option pair: abbrev covers default and explicit width forms for stock-matching listing output, including hash abbreviation interaction.
show-ref	--branches	docs/cli/matrices/show_ref_v2_47.tsv; target/git-doc-cache/v2.47.1/git-show-ref.txt; tools/git-show-ref-schema-oracle-smoke.sh; git_refs_compat::show_ref_option_combinations_match_stock_git	Reviewed complete doc-option pair: branches filter covers plain listing plus head/tags/hash combinations and abbreviation ordering with exact stock-Git evidence.
show-ref	--dereference	docs/cli/matrices/show_ref_v2_47.tsv; target/git-doc-cache/v2.47.1/git-show-ref.txt; tools/git-show-ref-schema-oracle-smoke.sh; git_refs_compat::show_ref_option_combinations_match_stock_git	Reviewed complete doc-option pair: dereference covers long and short forms, hash interaction, and tags interaction with peeled `^{}` rows using exact stock-Git evidence.
show-ref	--exclude-existing	docs/cli/matrices/show_ref_v2_47.tsv; target/git-doc-cache/v2.47.1/git-show-ref.txt; git_refs_compat::show_ref_exclude_existing_matches_stock_git	Reviewed complete doc-option pair: exclude-existing covers stdin filter mode, branch prefix, and tag prefix behavior with stock-matching warnings and filtered output.
show-ref	--exists	docs/cli/matrices/show_ref_v2_47.tsv; target/git-doc-cache/v2.47.1/git-show-ref.txt; tools/git-schema-parser-oracle-smoke.sh; git_refs_compat::show_ref_exists_and_quiet_verify_failure_modes_match_stock_git	Reviewed complete doc-option pair: exists covers existing branch/tag/HEAD refs and invalid missing or extra operand failures with exact stock-Git exit and stderr evidence.
show-ref	--hash	docs/cli/matrices/show_ref_v2_47.tsv; target/git-doc-cache/v2.47.1/git-show-ref.txt; tools/git-show-ref-schema-oracle-smoke.sh; git_refs_compat::show_ref_option_combinations_match_stock_git; git_refs_compat::show_ref_exists_and_quiet_verify_failure_modes_match_stock_git	Reviewed complete doc-option pair: hash covers long and short forms, explicit width, verify interaction, head/heads/branches/tags combinations, and dereference interaction with exact stock-Git evidence.
show-ref	--head	docs/cli/matrices/show_ref_v2_47.tsv; target/git-doc-cache/v2.47.1/git-show-ref.txt; tools/git-show-ref-schema-oracle-smoke.sh; git_history_query_compat::log_and_history_queries_match_stock_git_for_linear_history; git_refs_compat::show_ref_option_combinations_match_stock_git	Reviewed complete doc-option pair: head covers plain listing plus hash, heads, branches, and tags combinations in attached HEAD repositories with exact stock-Git evidence.
show-ref	--heads	docs/cli/matrices/show_ref_v2_47.tsv; target/git-doc-cache/v2.47.1/git-show-ref.txt; tools/git-show-ref-schema-oracle-smoke.sh; git_refs_compat::update_ref_and_symbolic_ref_match_stock_git_state; git_refs_compat::packed_refs_are_resolved_updated_and_deleted_like_stock_git; git_global_cli_compat::global_bare_option_matches_stock_git_ordering_and_discovery; git_refs_compat::show_ref_option_combinations_match_stock_git	Reviewed complete doc-option pair: heads covers loose refs, packed refs, bare mode, hash combinations, and head/tags interaction with exact stock-Git evidence.
show-ref	--quiet	docs/cli/matrices/show_ref_v2_47.tsv; target/git-doc-cache/v2.47.1/git-show-ref.txt; tools/git-schema-parser-oracle-smoke.sh; git_refs_compat::show_ref_exists_and_quiet_verify_failure_modes_match_stock_git	Reviewed complete doc-option pair: quiet covers long-form verify success with empty stdout/stderr and matches stock behavior for quiet existence checks.
show-ref	--tags	docs/cli/matrices/show_ref_v2_47.tsv; target/git-doc-cache/v2.47.1/git-show-ref.txt; tools/git-show-ref-schema-oracle-smoke.sh; git_refs_compat::tag_create_list_delete_and_annotated_objects_match_stock_git_state; git_refs_compat::show_ref_option_combinations_match_stock_git	Reviewed complete doc-option pair: tags covers lightweight and annotated tags, hash combinations, head/heads/branches interactions, and dereference combinations with exact stock-Git evidence.
show-ref	--verify	docs/cli/matrices/show_ref_v2_47.tsv; target/git-doc-cache/v2.47.1/git-show-ref.txt; tools/git-schema-parser-oracle-smoke.sh; git_refs_compat::show_ref_exists_and_quiet_verify_failure_modes_match_stock_git; git_refs_compat::packed_refs_are_resolved_updated_and_deleted_like_stock_git; git_cli_failure_compat::invalid_option_combinations_match_stock_git_failures; git_refs_compat::show_ref_option_combinations_match_stock_git	Reviewed complete doc-option pair: verify covers existing and missing refs, packed-ref states, quiet mode, hash and abbrev interactions, tag verification, and extra operand failures with exact stock-Git evidence.
show-ref	-d	docs/cli/matrices/show_ref_v2_47.tsv; target/git-doc-cache/v2.47.1/git-show-ref.txt; tools/git-show-ref-schema-oracle-smoke.sh	Reviewed complete doc-option pair: short dereference alias covers peeled annotated tag output like the long form with exact stock-Git evidence.
show-ref	-q	docs/cli/matrices/show_ref_v2_47.tsv; target/git-doc-cache/v2.47.1/git-show-ref.txt; tools/git-schema-parser-oracle-smoke.sh; git_refs_compat::show_ref_exists_and_quiet_verify_failure_modes_match_stock_git	Reviewed complete doc-option pair: short quiet alias covers verify success and missing-ref quiet failure behavior with exact stock-Git evidence.
show-ref	-s	docs/cli/matrices/show_ref_v2_47.tsv; target/git-doc-cache/v2.47.1/git-show-ref.txt; tools/git-show-ref-schema-oracle-smoke.sh	Reviewed complete doc-option pair: short hash alias covers hash-only listing output like the long form with exact stock-Git evidence.
check-mailmap	--mailmap-blob	docs/cli/matrices/check_mailmap_v2_47.tsv; target/git-doc-cache/v2.47.1/git-check-mailmap.txt; tools/git-check-mailmap-oracle-smoke.sh; git_text_tools_compat::check_mailmap_matches_stock_git_for_common_entries	Reviewed complete doc-option pair: mailmap-blob covers separate and equals forms, positional and stdin modes, and last-option-wins ordering against mailmap-file with exact stock-Git evidence.
check-mailmap	--mailmap-file	docs/cli/matrices/check_mailmap_v2_47.tsv; target/git-doc-cache/v2.47.1/git-check-mailmap.txt; tools/git-check-mailmap-oracle-smoke.sh; git_text_tools_compat::check_mailmap_matches_stock_git_for_common_entries	Reviewed complete doc-option pair: mailmap-file covers separate and equals forms, positional and stdin modes, and last-option-wins ordering against mailmap-blob with exact stock-Git evidence.
check-mailmap	--stdin	docs/cli/matrices/check_mailmap_v2_47.tsv; target/git-doc-cache/v2.47.1/git-check-mailmap.txt; tools/git-check-mailmap-oracle-smoke.sh; git_text_tools_compat::check_mailmap_matches_stock_git_for_common_entries	Reviewed complete doc-option pair: stdin covers standard batch mode, repeated/tripled flags, no-stdin reset and re-enable ordering, stdin combined with mailmap-file/mailmap-blob, positional fallback after no-stdin, and invalid value or empty-value rejection with exact stock-Git evidence.
update-server-info	--force	docs/cli/matrices/update_server_info_v2_47.tsv; target/git-doc-cache/v2.47.1/git-update-server-info.txt; tools/git-update-server-info-schema-oracle-smoke.sh; git_object_plumbing_compat::update_server_info_matches_stock_git_for_bare_repo	Reviewed complete doc-option pair: force covers long form, repeated flags, no-force override ordering, short alias interaction, and invalid value rejection with exact stock-Git evidence.
update-server-info	-f	docs/cli/matrices/update_server_info_v2_47.tsv; target/git-doc-cache/v2.47.1/git-update-server-info.txt; tools/git-update-server-info-schema-oracle-smoke.sh; git_object_plumbing_compat::update_server_info_matches_stock_git_for_bare_repo	Reviewed complete doc-option pair: short force alias covers single, repeated, and ordered interaction with no-force plus invalid value rejection with exact stock-Git evidence.
stripspace	--comment-lines	docs/cli/matrices/stripspace_v2_47.tsv; target/git-doc-cache/v2.47.1/git-stripspace.txt; tools/git-stripspace-schema-oracle-smoke.sh; git_text_tools_compat::stripspace_matches_stock_git_for_common_modes	Reviewed complete doc-option pair: comment-lines covers long and short forms, repeated flags, same-mode mixed spelling chains, and documented conflict rejection against strip-comments with exact stock-Git evidence.
stripspace	--strip-comments	docs/cli/matrices/stripspace_v2_47.tsv; target/git-doc-cache/v2.47.1/git-stripspace.txt; tools/git-stripspace-schema-oracle-smoke.sh; git_text_tools_compat::stripspace_matches_stock_git_for_common_modes	Reviewed complete doc-option pair: strip-comments covers long and short forms, repeated flags, same-mode mixed spelling chains, and documented conflict rejection against comment-lines with exact stock-Git evidence.
stripspace	--whitespace	docs/cli/matrices/stripspace_v2_47.tsv; target/git-doc-cache/v2.47.1/git-stripspace.txt; tools/git-stripspace-schema-oracle-smoke.sh	Reviewed complete doc-option pair: stripspace does not document a real --whitespace option, and stock Git rejects the parser surface with exact stock-matching diagnostics; keep this reviewed seed closed unless the doc inventory parser changes.
stripspace	-c	docs/cli/matrices/stripspace_v2_47.tsv; target/git-doc-cache/v2.47.1/git-stripspace.txt; tools/git-stripspace-schema-oracle-smoke.sh; git_text_tools_compat::stripspace_matches_stock_git_for_common_modes	Reviewed complete doc-option pair: short comment-lines alias covers success, repetition, same-mode chain ordering, invalid value rejection, and mixed-mode conflict rejection with exact stock-Git evidence.
stripspace	-s	docs/cli/matrices/stripspace_v2_47.tsv; target/git-doc-cache/v2.47.1/git-stripspace.txt; tools/git-stripspace-schema-oracle-smoke.sh; git_text_tools_compat::stripspace_matches_stock_git_for_common_modes	Reviewed complete doc-option pair: short strip-comments alias covers success, repetition, same-mode chain ordering, invalid value rejection, and mixed-mode conflict rejection with exact stock-Git evidence.
request-pull	-p	docs/cli/matrices/request_pull_v2_47.tsv; target/git-doc-cache/v2.47.1/git-request-pull.txt; tools/git-request-pull-p-oracle-smoke.sh	Reviewed complete doc-option pair: patch mode covers single and repeated short flags plus invalid value rejection with exact stock-Git evidence for a local pushed-branch file URL remote.
count-objects	--human-readable	docs/cli/matrices/count_objects_v2_47.tsv; target/git-doc-cache/v2.47.1/git-count-objects.txt; tools/git-count-objects-schema-oracle-smoke.sh	Reviewed complete doc-option pair: long human-readable mode covers default use, repeats, mixed verbose combinations, and exact invalid value rejection with stock-Git evidence.
count-objects	--verbose	docs/cli/matrices/count_objects_v2_47.tsv; target/git-doc-cache/v2.47.1/git-count-objects.txt; tools/git-count-objects-schema-oracle-smoke.sh	Reviewed complete doc-option pair: long verbose mode covers default use, repeats, mixed human-readable combinations, and exact stock-Git output parity.
count-objects	-H	docs/cli/matrices/count_objects_v2_47.tsv; target/git-doc-cache/v2.47.1/git-count-objects.txt; tools/git-count-objects-schema-oracle-smoke.sh	Reviewed complete doc-option pair: short human-readable mode covers default use, repeats, mixed verbose combinations, and exact stock-Git output parity.
count-objects	-v	docs/cli/matrices/count_objects_v2_47.tsv; target/git-doc-cache/v2.47.1/git-count-objects.txt; tools/git-count-objects-schema-oracle-smoke.sh	Reviewed complete doc-option pair: short verbose mode covers default use, repeats, mixed human-readable combinations, and exact stock-Git output parity.
credential-cache	--socket	docs/cli/matrices/credential_cache_v2_47.tsv; target/git-doc-cache/v2.47.1/git-credential-cache.txt; tools/git-credential-cache-schema-oracle-smoke.sh	Reviewed complete doc-option pair: socket path handling covers store/get/erase flows and exact Unix socket side effects with stock-Git evidence.
credential-cache	--timeout	docs/cli/matrices/credential_cache_v2_47.tsv; target/git-doc-cache/v2.47.1/git-credential-cache.txt; tools/git-credential-cache-schema-oracle-smoke.sh	Reviewed complete doc-option pair: timeout mode covers store/get/erase flows and post-erase lookup parity with stock-Git evidence.
merge-index	-a	docs/cli/matrices/merge_index_v2_47.tsv; target/git-doc-cache/v2.47.1/git-merge-index.txt; tools/git-merge-index-schema-oracle-smoke.sh	Reviewed complete doc-option pair: all-unmerged mode covers default and repeated selector handling with stock-Git index/worktree parity.
merge-index	-o	docs/cli/matrices/merge_index_v2_47.tsv; target/git-doc-cache/v2.47.1/git-merge-index.txt; tools/git-merge-index-schema-oracle-smoke.sh	Reviewed complete doc-option pair: one-shot mode covers explicit path handling and mixed quiet combinations with stock-Git side effects.
merge-index	-q	docs/cli/matrices/merge_index_v2_47.tsv; target/git-doc-cache/v2.47.1/git-merge-index.txt; tools/git-merge-index-schema-oracle-smoke.sh	Reviewed complete doc-option pair: quiet mode covers explicit path handling and mixed one-shot combinations with stock-Git side effects.
prune-packed	--dry-run	docs/cli/matrices/prune_packed_v2_47.tsv; target/git-doc-cache/v2.47.1/git-prune-packed.txt; tools/git-prune-packed-schema-oracle-smoke.sh	Reviewed complete doc-option pair: long dry-run covers no-delete behavior, repeated flags, no-dry-run override, and exact invalid value rejection with stock-Git evidence.
prune-packed	--quiet	docs/cli/matrices/prune_packed_v2_47.tsv; target/git-doc-cache/v2.47.1/git-prune-packed.txt; tools/git-prune-packed-schema-oracle-smoke.sh	Reviewed complete doc-option pair: long quiet mode covers silent prune behavior, repeated flags, no-quiet override, and loose-object parity with stock-Git evidence.
prune-packed	-n	docs/cli/matrices/prune_packed_v2_47.tsv; target/git-doc-cache/v2.47.1/git-prune-packed.txt; tools/git-prune-packed-schema-oracle-smoke.sh	Reviewed complete doc-option pair: short dry-run covers no-delete behavior, repeats, and exact invalid value rejection with stock-Git evidence.
prune-packed	-q	docs/cli/matrices/prune_packed_v2_47.tsv; target/git-doc-cache/v2.47.1/git-prune-packed.txt; tools/git-prune-packed-schema-oracle-smoke.sh	Reviewed complete doc-option pair: short quiet mode covers silent prune behavior, repeats, and loose-object parity with stock-Git evidence.
verify-pack	--stat-only	docs/cli/matrices/verify_pack_v2_47.tsv; target/git-doc-cache/v2.47.1/git-verify-pack.txt; tools/git-verify-pack-schema-oracle-smoke.sh	Reviewed complete doc-option pair: long stat-only mode covers default use, mixed verbose combinations, repeated short alias parity, and exact stock-Git output.
verify-pack	--verbose	docs/cli/matrices/verify_pack_v2_47.tsv; target/git-doc-cache/v2.47.1/git-verify-pack.txt; tools/git-verify-pack-schema-oracle-smoke.sh	Reviewed complete doc-option pair: long verbose mode covers default use, mixed stat-only combinations, repeated short alias parity, and exact stock-Git output.
verify-pack	-s	docs/cli/matrices/verify_pack_v2_47.tsv; target/git-doc-cache/v2.47.1/git-verify-pack.txt; tools/git-verify-pack-schema-oracle-smoke.sh	Reviewed complete doc-option pair: short stat-only mode covers statistics output and mixed verbose combinations with exact stock-Git parity.
verify-pack	-v	docs/cli/matrices/verify_pack_v2_47.tsv; target/git-doc-cache/v2.47.1/git-verify-pack.txt; tools/git-verify-pack-schema-oracle-smoke.sh	Reviewed complete doc-option pair: short verbose mode covers object listing and mixed stat-only combinations with exact stock-Git parity.
version	--build-options	docs/cli/matrices/version_v2_47.tsv; target/git-doc-cache/v2.47.1/git-version.txt; git_version_compat::version_command_options_match_stock_git_shape	Reviewed complete doc-option pair: build-options output shape is covered directly by stock-Git evidence.
version	--version	docs/cli/matrices/version_v2_47.tsv; target/git-doc-cache/v2.47.1/git-version.txt; tools/git-replacement-dogfood-smoke.sh	Reviewed complete doc-option pair: the version subcommand rejection shape is covered both directly and through the replacement shim.
write-tree	--missing-ok	docs/cli/matrices/write_tree_v2_47.tsv; target/git-doc-cache/v2.47.1/git-write-tree.txt; tools/git-write-tree-schema-oracle-smoke.sh	Reviewed complete doc-option pair: missing-ok covers default use, no-missing-ok toggle, mixed prefix ordering, and exact stock-Git tree-writing behavior.
write-tree	--prefix	docs/cli/matrices/write_tree_v2_47.tsv; target/git-doc-cache/v2.47.1/git-write-tree.txt; tools/git-write-tree-schema-oracle-smoke.sh	Reviewed complete doc-option pair: prefix mode covers attached and space-separated values, empty values, repeated slash normalization, and mixed missing-ok ordering with stock-Git parity.
credential-store	--file	docs/cli/matrices/credential_store_v2_47.tsv; target/git-doc-cache/v2.47.1/git-credential-store.txt; tools/git-credential-store-schema-oracle-smoke.sh	Reviewed complete doc-option pair: explicit credential file handling covers separate and equals forms, repeated selection, missing-action rejection, missing-value rejection, and stock-compatible credential file side effects.
mktree	--batch	docs/cli/matrices/mktree_v2_47.tsv; target/git-doc-cache/v2.47.1/git-mktree.txt; tools/git-mktree-schema-oracle-smoke.sh	Reviewed complete doc-option pair: batch mode covers repeated flags, mixed z and missing combinations, no-batch overrides, empty input, and exact stock-Git tree output.
mktree	--missing	docs/cli/matrices/mktree_v2_47.tsv; target/git-doc-cache/v2.47.1/git-mktree.txt; tools/git-mktree-schema-oracle-smoke.sh	Reviewed complete doc-option pair: missing mode covers repeated flags, mixed batch and z combinations, no-missing ordering, invalid values, and exact stock-Git missing-object behavior.
mktree	-z	docs/cli/matrices/mktree_v2_47.tsv; target/git-doc-cache/v2.47.1/git-mktree.txt; tools/git-mktree-schema-oracle-smoke.sh	Reviewed complete doc-option pair: z mode covers repeated flags, batch and missing combinations, invalid value rejection, and exact stock-Git NUL-delimited parsing.
patch-id	--stable	docs/cli/matrices/patch_id_v2_47.tsv; target/git-doc-cache/v2.47.1/git-patch-id.txt; tools/git-patch-id-schema-oracle-smoke.sh	Reviewed complete doc-option pair: stable mode covers diff and log patch streams, repeated flags, invalid negation, invalid value rejection, and exact stock-Git output.
patch-id	--unstable	docs/cli/matrices/patch_id_v2_47.tsv; target/git-doc-cache/v2.47.1/git-patch-id.txt; tools/git-patch-id-schema-oracle-smoke.sh	Reviewed complete doc-option pair: unstable mode covers diff and log patch streams, repeated flags, invalid negation, invalid value rejection, and exact stock-Git output.
patch-id	--verbatim	docs/cli/matrices/patch_id_v2_47.tsv; target/git-doc-cache/v2.47.1/git-patch-id.txt; tools/git-patch-id-schema-oracle-smoke.sh	Reviewed complete doc-option pair: verbatim mode covers whitespace-sensitive input, repeated flags, invalid negation, invalid value rejection, and exact stock-Git output.
patch-id	-O	docs/cli/matrices/patch_id_v2_47.tsv; target/git-doc-cache/v2.47.1/git-patch-id.txt; tools/git-patch-id-schema-oracle-smoke.sh	Reviewed complete doc-option pair: compact and separate -O forms are documented only by cross-reference and are both rejected with exact stock-Git usage parity.
verify-commit	--raw	docs/cli/matrices/verify_commit_v2_47.tsv; target/git-doc-cache/v2.47.1/git-verify-commit.txt; tools/git-verify-signature-schema-oracle-smoke.sh	Reviewed complete doc-option pair: raw mode covers signed and unsigned commits, mixed verbose combinations, and exact stock-Git stderr parity.
verify-commit	--verbose	docs/cli/matrices/verify_commit_v2_47.tsv; target/git-doc-cache/v2.47.1/git-verify-commit.txt; tools/git-verify-signature-schema-oracle-smoke.sh	Reviewed complete doc-option pair: verbose mode covers unsigned commit object output, mixed raw combinations, and exact stock-Git stdout/stderr parity.
verify-commit	-S	docs/cli/matrices/verify_commit_v2_47.tsv; target/git-doc-cache/v2.47.1/git-verify-commit.txt; tools/git-verify-signature-schema-oracle-smoke.sh	Reviewed complete doc-option pair: the documented signing option surface is covered as stock-Git-invalid for separate and compact short forms with exact usage parity.
verify-commit	-v	docs/cli/matrices/verify_commit_v2_47.tsv; target/git-doc-cache/v2.47.1/git-verify-commit.txt; tools/git-verify-signature-schema-oracle-smoke.sh	Reviewed complete doc-option pair: short verbose mode covers unsigned commit object output, mixed raw combinations, and exact stock-Git parity.
verify-tag	--format	docs/cli/matrices/verify_tag_v2_47.tsv; target/git-doc-cache/v2.47.1/git-verify-tag.txt; git-verify-signature-schema-gap-probe.sh	Reviewed complete doc-option pair: format mode covers standalone and mixed verbose combinations for unsigned annotated tags with exact stock-Git stdout/stderr parity.
verify-tag	--raw	docs/cli/matrices/verify_tag_v2_47.tsv; target/git-doc-cache/v2.47.1/git-verify-tag.txt; git-verify-signature-schema-gap-probe.sh; git_pack_integrity_compat::verify_commit_and_tag_match_stock_git_for_unsigned_and_signed_fixtures	Reviewed complete doc-option pair: raw mode covers signed and unsigned tags, mixed verbose combinations, and exact stock-Git stderr parity.
verify-tag	--verbose	docs/cli/matrices/verify_tag_v2_47.tsv; target/git-doc-cache/v2.47.1/git-verify-tag.txt; git-verify-signature-schema-gap-probe.sh	Reviewed complete doc-option pair: verbose mode covers annotated unsigned tag payload output and exact stock-Git diagnostic ordering.
verify-tag	-v	docs/cli/matrices/verify_tag_v2_47.tsv; target/git-doc-cache/v2.47.1/git-verify-tag.txt; git-verify-signature-schema-gap-probe.sh	Reviewed complete doc-option pair: short verbose mode covers annotated unsigned tag payload output and exact stock-Git diagnostic ordering.
var	-l	docs/cli/matrices/var_v2_47.tsv; target/git-doc-cache/v2.47.1/git-var.txt; tools/git-var-schema-oracle-smoke.sh; git_admin_tools_compat::var_list_and_failures_match_stock_git	Reviewed complete doc-option pair: list mode covers successful listing, repeated and compact repeats, value rejection, empty-value rejection, negated long rejection, extra-argument rejection, and exact stock-Git usage parity.
cherry	-v	docs/cli/matrices/cherry_v2_47.tsv; target/git-doc-cache/v2.47.1/git-cherry.txt; tools/git-cherry-schema-oracle-smoke.sh; git_history_query_compat::cherry_matches_stock_git_for_patch_equivalence_and_upstream_default	Reviewed complete doc-option pair: verbose mode covers short and long spellings, repeated forms, no-verbose override, and exact invalid value rejection with stock-Git output parity.
mktag	--strict	docs/cli/matrices/mktag_v2_47.tsv; target/git-doc-cache/v2.47.1/git-mktag.txt; tools/git-mktag-schema-oracle-smoke.sh; git_object_plumbing_compat::mktag_matches_stock_git_for_valid_tag_object	Reviewed complete doc-option pair: strict mode is covered by default strict behavior plus explicit strict and no-strict forms, all with exact stock-Git tag object-id parity.
hook	--ignore-missing	docs/cli/matrices/hook_v2_47.tsv; target/git-doc-cache/v2.47.1/git-hook.txt; git_admin_tools_compat::hook_run_matches_stock_git_for_missing_and_executable_hooks	Reviewed complete doc-option pair: ignore-missing is covered by absent-hook success behavior with exact stock-Git stdout/stderr/exit parity.
hook	--to-stdin	docs/cli/matrices/hook_v2_47.tsv; target/git-doc-cache/v2.47.1/git-hook.txt; git_admin_tools_compat::hook_run_matches_stock_git_for_missing_and_executable_hooks	Reviewed complete doc-option pair: to-stdin is covered by executable hook stdin streaming, argv forwarding, and exact stock-Git stdout/stderr/exit parity.
for-each-repo	--config	docs/cli/matrices/for_each_repo_v2_47.tsv; target/git-doc-cache/v2.47.1/git-for-each-repo.txt; git_admin_tools_compat::for_each_repo_matches_stock_git_for_configured_repositories; git_admin_tools_compat::for_each_repo_missing_repo_failures_match_stock_git	Reviewed complete doc-option pair: config mode covers configured repository iteration, missing repository failure, and missing config-key no-op behavior with exact stock-Git parity.
for-each-repo	--keep-going	docs/cli/matrices/for_each_repo_v2_47.tsv; target/git-doc-cache/v2.47.1/git-for-each-repo.txt; git_admin_tools_compat::for_each_repo_missing_repo_failures_match_stock_git	Reviewed complete doc-option pair: keep-going is covered by continuation across a missing repository with stock-Git stdout/stderr/exit parity.
pack-redundant	--all	docs/cli/matrices/pack_redundant_v2_47.tsv; target/git-doc-cache/v2.47.1/git-pack-redundant.txt; git_pack_integrity_compat::pack_redundant_matches_stock_git_for_redundant_pack_set	Reviewed complete doc-option pair: all mode is covered alongside the required i-still-use-this acknowledgement and redundant-pack scan output with exact stock-Git parity.
pack-redundant	--alt-odb	docs/cli/matrices/pack_redundant_v2_47.tsv; target/git-doc-cache/v2.47.1/git-pack-redundant.txt; tools/git-pack-redundant-schema-oracle-smoke.sh	Reviewed complete doc-option pair: alt-odb mode is covered with exact stock-Git redundant-pack output when no alternate object database is configured.
pack-redundant	--verbose	docs/cli/matrices/pack_redundant_v2_47.tsv; target/git-doc-cache/v2.47.1/git-pack-redundant.txt; tools/git-pack-redundant-schema-oracle-smoke.sh	Reviewed complete doc-option pair: verbose mode is covered with exact stock-Git stderr diagnostics and redundant-pack stdout parity.
remote	-v	docs/cli/matrices/remote_v2_47.tsv; target/git-doc-cache/v2.47.1/git-remote.txt; tools/git-remote-schema-oracle-smoke.sh; git_admin_tools_compat::remote_config_commands_match_stock_git	Reviewed complete doc-option pair: short verbose mode is covered by verbose listing before and after rename with exact stock-Git fetch/push URL parity.
remote	--verbose	docs/cli/matrices/remote_v2_47.tsv; target/git-doc-cache/v2.47.1/git-remote.txt; tools/git-remote-schema-oracle-smoke.sh	Reviewed complete doc-option pair: long verbose mode is covered by verbose listing with exact stock-Git fetch/push URL output parity and no config side effects.
receive-pack	--http-backend-info-refs	docs/cli/matrices/receive_pack_v2_47.tsv; target/git-doc-cache/v2.47.1/git-receive-pack.txt; tools/git-receive-pack-schema-oracle-smoke.sh	Reviewed complete doc-option pair: http-backend info-refs mode is covered by direct receive-pack advertisement bytes, stderr, exit status, and unchanged refs matching stock Git.
hash-object	-t	docs/cli/matrices/hash_object_v2_47.tsv; target/git-doc-cache/v2.47.1/git-hash-object.txt; tools/git-hash-object-schema-oracle-smoke.sh	Reviewed complete doc-option pair: short type mode covers blob path hashing, stdin/path compositions, and stock-compatible rejection for the undocumented long type spelling.
hash-object	-w	docs/cli/matrices/hash_object_v2_47.tsv; target/git-doc-cache/v2.47.1/git-hash-object.txt; tools/git-hash-object-schema-oracle-smoke.sh; git_object_plumbing_compat::hash_object_and_cat_file_match_stock_git	Reviewed complete doc-option pair: write mode covers regular-file and large-stdin object creation with exact stock-Git object-id and loose-object side effects.
hash-object	--stdin	docs/cli/matrices/hash_object_v2_47.tsv; target/git-doc-cache/v2.47.1/git-hash-object.txt; tools/git-hash-object-schema-oracle-smoke.sh; git_object_plumbing_compat::hash_object_and_cat_file_match_stock_git; git_object_plumbing_compat::hash_object_matches_stock_git_for_documented_long_option_modes	Reviewed complete doc-option pair: stdin mode covers payload hashing, stdin plus path composition, literally interaction, and invalid ordering with stdin-paths using exact stock-Git parity.
hash-object	--stdin-paths	docs/cli/matrices/hash_object_v2_47.tsv; target/git-doc-cache/v2.47.1/git-hash-object.txt; git_object_plumbing_compat::hash_object_matches_stock_git_for_documented_long_option_modes	Reviewed complete doc-option pair: stdin-paths mode covers path-list hashing, no-filters composition, and exact stock-Git rejection when mixed with path or stdin payload modes.
hash-object	--path	docs/cli/matrices/hash_object_v2_47.tsv; target/git-doc-cache/v2.47.1/git-hash-object.txt; git_object_plumbing_compat::hash_object_matches_stock_git_for_documented_long_option_modes	Reviewed complete doc-option pair: path mode covers stdin payload hashing through an explicit path context and exact stock-Git rejection when mixed with stdin-paths plus no-filters.
hash-object	--no-filters	docs/cli/matrices/hash_object_v2_47.tsv; target/git-doc-cache/v2.47.1/git-hash-object.txt; git_object_plumbing_compat::hash_object_matches_stock_git_for_documented_long_option_modes	Reviewed complete doc-option pair: no-filters covers stdin-path list hashing without worktree filters and exact stock-Git invalid-combination parity with path plus stdin modes.
hash-object	--literally	docs/cli/matrices/hash_object_v2_47.tsv; target/git-doc-cache/v2.47.1/git-hash-object.txt; git_object_plumbing_compat::hash_object_matches_stock_git_for_documented_long_option_modes	Reviewed complete doc-option pair: literally mode covers stdin blob hashing without object validation changes and exact stock-Git output parity.
mailinfo	-k	docs/cli/matrices/mailinfo_v2_47.tsv; target/git-doc-cache/v2.47.1/git-mailinfo.txt; git_mail_tools_compat::mailinfo_matches_stock_git_for_common_patch_mail	Reviewed complete doc-option pair: keep-subject mode is covered by exact stock-Git stdout plus message and patch file parity for patch-mail input.
mailinfo	-b	docs/cli/matrices/mailinfo_v2_47.tsv; target/git-doc-cache/v2.47.1/git-mailinfo.txt; git_mail_tools_compat::mailinfo_matches_stock_git_for_common_patch_mail	Reviewed complete doc-option pair: keep-bracket mode is covered by exact stock-Git stdout plus message and patch file parity for patch-mail input.
mailinfo	-m	docs/cli/matrices/mailinfo_v2_47.tsv; target/git-doc-cache/v2.47.1/git-mailinfo.txt; git_mail_tools_compat::mailinfo_matches_stock_git_for_common_patch_mail	Reviewed complete doc-option pair: short message-id mode is covered by exact stock-Git stdout plus message and patch file parity for patch-mail input.
mailinfo	-u	docs/cli/matrices/mailinfo_v2_47.tsv; target/git-doc-cache/v2.47.1/git-mailinfo.txt; tools/git-mailinfo-schema-oracle-smoke.sh::mailinfo_recode	Reviewed complete doc-option pair: recode mode is covered by exact stock-Git stdout, stderr, and file-output parity for UTF-8 mail recoding.
mailinfo	--encoding	docs/cli/matrices/mailinfo_v2_47.tsv; target/git-doc-cache/v2.47.1/git-mailinfo.txt; tools/git-mailinfo-schema-oracle-smoke.sh::mailinfo_encoding	Reviewed complete doc-option pair: explicit encoding mode is covered by exact stock-Git stdout, stderr, and file-output parity for UTF-8 recoding.
mailinfo	-n	docs/cli/matrices/mailinfo_v2_47.tsv; target/git-doc-cache/v2.47.1/git-mailinfo.txt; tools/git-mailinfo-schema-oracle-smoke.sh::mailinfo_no_recode	Reviewed complete doc-option pair: no-recode mode is covered by exact stock-Git stdout, stderr, and file-output parity with metadata recoding disabled.
mailinfo	--scissors	docs/cli/matrices/mailinfo_v2_47.tsv; target/git-doc-cache/v2.47.1/git-mailinfo.txt; tools/git-mailinfo-schema-oracle-smoke.sh::mailinfo_scissors	Reviewed complete doc-option pair: scissors mode is covered by exact stock-Git stdout, stderr, and file-output parity for explicit scissors parsing.
mailinfo	--no-scissors	docs/cli/matrices/mailinfo_v2_47.tsv; target/git-doc-cache/v2.47.1/git-mailinfo.txt; git_mail_tools_compat::mailinfo_matches_stock_git_for_common_patch_mail	Reviewed complete doc-option pair: no-scissors mode is covered by exact stock-Git stdout, stderr, and file-output parity when explicit no-scissors overrides defaults.
mailinfo	--quoted-cr	docs/cli/matrices/mailinfo_v2_47.tsv; target/git-doc-cache/v2.47.1/git-mailinfo.txt; tools/git-mailinfo-schema-oracle-smoke.sh::mailinfo_quoted_cr	Reviewed complete doc-option pair: quoted-cr mode is covered by exact stock-Git stdout, stderr, and file-output parity for the documented nowarn action.
mailinfo	--message-id	docs/cli/matrices/mailinfo_v2_47.tsv; target/git-doc-cache/v2.47.1/git-mailinfo.txt; tools/git-mailinfo-schema-oracle-smoke.sh::mailinfo_message_id_long	Reviewed complete doc-option pair: long message-id mode is covered by exact stock-Git stdout, stderr, and file-output parity for patch-mail input.
name-rev	--tags	docs/cli/matrices/name_rev_v2_47.tsv; target/git-doc-cache/v2.47.1/git-name-rev.txt; git_ref_resolution_compat::name_rev_matches_stock_git_for_refs_tags_and_stdin_annotation	Reviewed complete doc-option pair: tags mode covers tag-only naming of reachable commits with exact stock-Git output parity.
name-rev	--refs	docs/cli/matrices/name_rev_v2_47.tsv; target/git-doc-cache/v2.47.1/git-name-rev.txt; git_ref_resolution_compat::name_rev_matches_stock_git_for_refs_tags_and_stdin_annotation	Reviewed complete doc-option pair: refs filtering covers pattern-scoped naming of reachable commits with exact stock-Git output parity.
name-rev	--exclude	docs/cli/matrices/name_rev_v2_47.tsv; target/git-doc-cache/v2.47.1/git-name-rev.txt; git_ref_resolution_compat::name_rev_matches_stock_git_for_refs_tags_and_stdin_annotation	Reviewed complete doc-option pair: exclude filtering covers omitted-ref naming choices with exact stock-Git output parity.
name-rev	--all	docs/cli/matrices/name_rev_v2_47.tsv; target/git-doc-cache/v2.47.1/git-name-rev.txt; tools/git-name-rev-schema-gap-probe.sh::name_rev_all	Reviewed complete doc-option pair: all mode covers traversal of all reachable named commits with exact stock-Git stdout order, stderr, and exit parity.
name-rev	--annotate-stdin	docs/cli/matrices/name_rev_v2_47.tsv; target/git-doc-cache/v2.47.1/git-name-rev.txt; git_ref_resolution_compat::name_rev_matches_stock_git_for_refs_tags_and_stdin_annotation	Reviewed complete doc-option pair: annotate-stdin covers inline replacement over stdin commit ids with exact stock-Git output parity.
name-rev	--name-only	docs/cli/matrices/name_rev_v2_47.tsv; target/git-doc-cache/v2.47.1/git-name-rev.txt; git_ref_resolution_compat::name_rev_matches_stock_git_for_refs_tags_and_stdin_annotation	Reviewed complete doc-option pair: name-only mode covers omission of raw object ids and exact stock-Git output parity, including annotate-stdin shape.
name-rev	--no-undefined	docs/cli/matrices/name_rev_v2_47.tsv; target/git-doc-cache/v2.47.1/git-name-rev.txt; git_ref_resolution_compat::name_rev_no_undefined_matches_stock_git_for_dangling_commit	Reviewed complete doc-option pair: no-undefined covers exact stock-Git fatal failure shape for unreferenced commits, including partial stdout prefix and exit 128.
name-rev	--always	docs/cli/matrices/name_rev_v2_47.tsv; target/git-doc-cache/v2.47.1/git-name-rev.txt; tools/git-name-rev-schema-gap-probe.sh::name_rev_always	Reviewed complete doc-option pair: always mode covers fallback naming for unreferenced commits with exact stock-Git output parity.
prune	-n	docs/cli/matrices/prune_v2_47.tsv; target/git-doc-cache/v2.47.1/git-prune.txt; crates/zmin-cli/tests/git_maintenance_compat.rs	Reviewed complete doc-option pair: short dry-run mode covers explicit now-expiry path-limited pruning without deletion and exact stock-Git stdout parity.
prune	--dry-run	docs/cli/matrices/prune_v2_47.tsv; target/git-doc-cache/v2.47.1/git-prune.txt; crates/zmin-cli/tests/git_maintenance_compat.rs	Reviewed complete doc-option pair: long dry-run mode covers explicit now-expiry path-limited pruning without deletion and exact stock-Git stdout parity.
prune	-v	docs/cli/matrices/prune_v2_47.tsv; target/git-doc-cache/v2.47.1/git-prune.txt; crates/zmin-cli/tests/git_maintenance_compat.rs	Reviewed complete doc-option pair: short verbose mode covers exact stock-Git stdout/stderr parity and object-pruning side effects.
prune	--verbose	docs/cli/matrices/prune_v2_47.tsv; target/git-doc-cache/v2.47.1/git-prune.txt; crates/zmin-cli/tests/git_maintenance_compat.rs	Reviewed complete doc-option pair: long verbose mode covers exact stock-Git stdout parity and eligible loose-object pruning side effects.
prune	--progress	docs/cli/matrices/prune_v2_47.tsv; target/git-doc-cache/v2.47.1/git-prune.txt; crates/zmin-cli/tests/git_maintenance_compat.rs	Reviewed complete doc-option pair: progress mode covers non-tty acceptance plus exact stock-Git stdout/stderr and pruning side effects, including no-progress override coverage.
prune	--expire	docs/cli/matrices/prune_v2_47.tsv; target/git-doc-cache/v2.47.1/git-prune.txt; crates/zmin-cli/tests/git_maintenance_compat.rs	Reviewed complete doc-option pair: expire covers default, now, never, and malformed values, path-limited pruning, reflog reachability preservation, and exact stock-Git invalid-value rejection.
gc	--aggressive	docs/cli/matrices/gc_v2_47.tsv; target/git-doc-cache/v2.47.1/git-gc.txt; crates/zmin-cli/tests/git_maintenance_compat.rs	Reviewed complete doc-option pair: aggressive mode covers stock-readable delta-pack generation with matching delta-base linkage and exact quiet output parity.
gc	--auto	docs/cli/matrices/gc_v2_47.tsv; target/git-doc-cache/v2.47.1/git-gc.txt; tools/git-gc-schema-oracle-smoke.sh; crates/zmin-cli/tests/git_maintenance_compat.rs	Reviewed complete doc-option pair: auto mode covers stock-compatible no-op behavior both standalone and with quiet on a repository below auto-gc thresholds.
gc	--no-prune	docs/cli/matrices/gc_v2_47.tsv; target/git-doc-cache/v2.47.1/git-gc.txt; tools/git-gc-schema-oracle-smoke.sh; crates/zmin-cli/tests/git_maintenance_compat.rs	Reviewed complete doc-option pair: no-prune mode covers quiet reachable-object packing while retaining fresh loose objects and matching stock commit-graph and pack side effects.
gc	--prune	docs/cli/matrices/gc_v2_47.tsv; target/git-doc-cache/v2.47.1/git-gc.txt; crates/zmin-cli/tests/git_maintenance_compat.rs	Reviewed complete doc-option pair: prune covers explicit now pruning and the bare default-missing form, both with exact stock-Git output and repository side effects.
gc	--quiet	docs/cli/matrices/gc_v2_47.tsv; target/git-doc-cache/v2.47.1/git-gc.txt; tools/git-gc-schema-oracle-smoke.sh; crates/zmin-cli/tests/git_maintenance_compat.rs	Reviewed complete doc-option pair: quiet mode covers short and long forms plus prune, no-prune and auto compositions with matching stock stdout, stderr, pack and commit-graph side effects.
read-tree	--empty	docs/cli/matrices/read_tree_v2_47.tsv; target/git-doc-cache/v2.47.1/git-read-tree.txt; crates/zmin-cli/tests/git_object_plumbing_compat.rs	Reviewed complete doc-option pair: empty mode covers successful index clearing plus exact stock-Git contradiction failures with treeish and prefix forms while preserving the original index on failure.
read-tree	--prefix	docs/cli/matrices/read_tree_v2_47.tsv; target/git-doc-cache/v2.47.1/git-read-tree.txt; crates/zmin-cli/tests/git_object_plumbing_compat.rs	Reviewed complete doc-option pair: prefix mode covers equals and separate value forms, trailing-slash normalization, and exact stock-Git imported index/write-tree results.
read-tree	-m	docs/cli/matrices/read_tree_v2_47.tsv; target/git-doc-cache/v2.47.1/git-read-tree.txt; crates/zmin-cli/tests/git_object_plumbing_compat.rs	Reviewed complete doc-option pair: merge mode covers single-tree merge semantics and repeated short-form usage with exact stock-Git index and tree-output parity.
checkout-index	--all	docs/cli/matrices/checkout_index_v2_47.tsv; target/git-doc-cache/v2.47.1/git-checkout-index.txt; crates/zmin-cli/tests/git_worktree_state_compat.rs; tools/git-checkout-index-oracle-smoke.sh	Reviewed complete doc-option pair: all mode covers long and short spellings, repeated forms, quiet and force composition, and exact stock-Git all-path restore plus stdin-conflict failure parity.
checkout-index	--force	docs/cli/matrices/checkout_index_v2_47.tsv; target/git-doc-cache/v2.47.1/git-checkout-index.txt; crates/zmin-cli/tests/git_worktree_state_compat.rs; tools/git-checkout-index-oracle-smoke.sh	Reviewed complete doc-option pair: force mode covers long and short spellings, repeated forms, and exact stock-Git explicit-path restore behavior.
checkout-index	--prefix	docs/cli/matrices/checkout_index_v2_47.tsv; target/git-doc-cache/v2.47.1/git-checkout-index.txt; crates/zmin-cli/tests/git_worktree_state_compat.rs	Reviewed complete doc-option pair: prefix mode covers explicit path export and stdin-fed path export with nested layout and exact stock-Git contents and status.
checkout-index	--quiet	docs/cli/matrices/checkout_index_v2_47.tsv; target/git-doc-cache/v2.47.1/git-checkout-index.txt; crates/zmin-cli/tests/git_worktree_state_compat.rs; tools/git-checkout-index-oracle-smoke.sh	Reviewed complete doc-option pair: quiet mode covers long and short spellings, repeated forms, and quiet all-plus-force composition with exact stock-Git empty output and restore parity.
checkout-index	--stdin	docs/cli/matrices/checkout_index_v2_47.tsv; target/git-doc-cache/v2.47.1/git-checkout-index.txt; crates/zmin-cli/tests/git_worktree_state_compat.rs	Reviewed complete doc-option pair: stdin mode covers line-delimited path restore, prefixed export, and exact stock-Git failure shapes when mixed with explicit paths or all.
checkout-index	-a	docs/cli/matrices/checkout_index_v2_47.tsv; target/git-doc-cache/v2.47.1/git-checkout-index.txt; crates/zmin-cli/tests/git_worktree_state_compat.rs; tools/git-checkout-index-oracle-smoke.sh	Reviewed complete doc-option pair: short all alias covers standalone and repeated long-plus-short usage with exact stock-Git all-path restore behavior.
checkout-index	-f	docs/cli/matrices/checkout_index_v2_47.tsv; target/git-doc-cache/v2.47.1/git-checkout-index.txt; crates/zmin-cli/tests/git_worktree_state_compat.rs; tools/git-checkout-index-oracle-smoke.sh	Reviewed complete doc-option pair: short force alias covers standalone and repeated long-plus-short usage with exact stock-Git explicit-path restore behavior.
checkout-index	-q	docs/cli/matrices/checkout_index_v2_47.tsv; target/git-doc-cache/v2.47.1/git-checkout-index.txt; crates/zmin-cli/tests/git_worktree_state_compat.rs; tools/git-checkout-index-oracle-smoke.sh	Reviewed complete doc-option pair: short quiet alias covers standalone and repeated long-plus-short usage with exact stock-Git quiet restore behavior.
diagnose	--mode	docs/cli/matrices/diagnose_v2_47.tsv; target/git-doc-cache/v2.47.1/git-diagnose.txt; tools/git-diagnose-schema-gap-probe.sh	Reviewed complete doc-option pair: mode covers `all` diagnostics selection with matching normalized stdout/stderr and diagnostics archive contents.
diagnose	--output-directory	docs/cli/matrices/diagnose_v2_47.tsv; target/git-doc-cache/v2.47.1/git-diagnose.txt; tools/git-diagnose-schema-gap-probe.sh; git_admin_tools_compat::diagnose_creates_zip_archive_with_stats_files	Reviewed complete doc-option pair: long output-directory covers stock-compatible normalized stdout/stderr and exact diagnostics archive placement and contents.
diagnose	--suffix	docs/cli/matrices/diagnose_v2_47.tsv; target/git-doc-cache/v2.47.1/git-diagnose.txt; tools/git-diagnose-schema-gap-probe.sh	Reviewed complete doc-option pair: suffix covers stock-compatible report-name suffix selection with normalized stdout/stderr and archive naming parity.
diagnose	-o	docs/cli/matrices/diagnose_v2_47.tsv; target/git-doc-cache/v2.47.1/git-diagnose.txt; tools/git-diagnose-schema-gap-probe.sh; git_admin_tools_compat::diagnose_creates_zip_archive_with_stats_files	Reviewed complete doc-option pair: short output-directory alias covers stock-compatible normalized stdout/stderr and exact diagnostics archive placement and contents.
diagnose	-s	docs/cli/matrices/diagnose_v2_47.tsv; target/git-doc-cache/v2.47.1/git-diagnose.txt; tools/git-diagnose-schema-gap-probe.sh	Reviewed complete doc-option pair: short suffix alias covers stock-compatible report-name suffix selection with normalized stdout/stderr and archive naming parity.
imap-send	--curl	docs/cli/matrices/imap_send_v2_47.tsv; target/git-doc-cache/v2.47.1/git-imap-send.txt; tools/git-imap-send-schema-gap-probe.sh	Reviewed complete doc-option pair: curl mode covers stock-compatible missing-store diagnostics with exact stdout/stderr/exit parity.
imap-send	--no-curl	docs/cli/matrices/imap_send_v2_47.tsv; target/git-doc-cache/v2.47.1/git-imap-send.txt; tools/git-imap-send-schema-gap-probe.sh; git_mail_tools_compat::imap_send_appends_mbox_messages_to_plain_imap_server	Reviewed complete doc-option pair: no-curl covers stock-compatible missing-store diagnostics and configured plain-IMAP stdin delivery side effects.
imap-send	--quiet	docs/cli/matrices/imap_send_v2_47.tsv; target/git-doc-cache/v2.47.1/git-imap-send.txt; tools/git-imap-send-schema-gap-probe.sh	Reviewed complete doc-option pair: long quiet mode covers missing-store diagnostics with stock-compatible stdout/stderr/exit parity.
imap-send	--verbose	docs/cli/matrices/imap_send_v2_47.tsv; target/git-doc-cache/v2.47.1/git-imap-send.txt; tools/git-imap-send-schema-gap-probe.sh	Reviewed complete doc-option pair: long verbose mode covers missing-store diagnostics with stock-compatible stdout/stderr/exit parity.
imap-send	-q	docs/cli/matrices/imap_send_v2_47.tsv; target/git-doc-cache/v2.47.1/git-imap-send.txt; tools/git-imap-send-schema-gap-probe.sh	Reviewed complete doc-option pair: short quiet alias covers missing-store diagnostics with stock-compatible stdout/stderr/exit parity.
imap-send	-v	docs/cli/matrices/imap_send_v2_47.tsv; target/git-doc-cache/v2.47.1/git-imap-send.txt; tools/git-imap-send-schema-gap-probe.sh	Reviewed complete doc-option pair: short verbose alias covers missing-store diagnostics with stock-compatible stdout/stderr/exit parity.
mailsplit	--keep-cr	docs/cli/matrices/mailsplit_v2_47.tsv; target/git-doc-cache/v2.47.1/git-mailsplit.txt; tools/git-mailsplit-schema-extra-oracle-smoke.sh	Reviewed complete doc-option pair: keep-cr covers CRLF mbox splitting with exact stock-Git stdout/stderr and split-output parity.
mailsplit	--mboxrd	docs/cli/matrices/mailsplit_v2_47.tsv; target/git-doc-cache/v2.47.1/git-mailsplit.txt; tools/git-mailsplit-schema-extra-oracle-smoke.sh	Reviewed complete doc-option pair: mboxrd covers stock-compatible stdout/stderr and split-output parity for mboxrd-style quoting.
mailsplit	-b	docs/cli/matrices/mailsplit_v2_47.tsv; target/git-doc-cache/v2.47.1/git-mailsplit.txt; tools/git-mailsplit-schema-extra-oracle-smoke.sh	Reviewed complete doc-option pair: keep-from short form covers stock-compatible stdout/stderr and split-output parity, including repeated alias use.
mailsplit	-d	docs/cli/matrices/mailsplit_v2_47.tsv; target/git-doc-cache/v2.47.1/git-mailsplit.txt; git_mail_tools_compat::mailsplit_matches_stock_git_for_mbox_and_maildir	Reviewed complete doc-option pair: precision mode covers numbered mbox splitting with stock-compatible stdout and output-file parity.
mailsplit	-f	docs/cli/matrices/mailsplit_v2_47.tsv; target/git-doc-cache/v2.47.1/git-mailsplit.txt; git_mail_tools_compat::mailsplit_matches_stock_git_for_mbox_and_maildir	Reviewed complete doc-option pair: first-number mode covers starting split numbering with stock-compatible stdout and output-file parity.
mailsplit	-o	docs/cli/matrices/mailsplit_v2_47.tsv; target/git-doc-cache/v2.47.1/git-mailsplit.txt; git_mail_tools_compat::mailsplit_matches_stock_git_for_mbox_and_maildir	Reviewed complete doc-option pair: output-directory mode covers both mbox and maildir split destinations with stock-compatible stdout and output-file parity.
mv	--dry-run	docs/cli/matrices/mv_v2_47.tsv; target/git-doc-cache/v2.47.1/git-mv.txt; tools/git-mv-schema-oracle-smoke.sh	Reviewed complete doc-option pair: long dry-run covers stock-compatible stdout and absence of index/worktree side effects.
mv	--force	docs/cli/matrices/mv_v2_47.tsv; target/git-doc-cache/v2.47.1/git-mv.txt; tools/git-force-schema-oracle-smoke.sh	Reviewed complete doc-option pair: long force covers tracked-destination overwrite with exact stock-Git stdout/stderr/status/index parity.
mv	--verbose	docs/cli/matrices/mv_v2_47.tsv; target/git-doc-cache/v2.47.1/git-mv.txt; tools/git-mv-schema-oracle-smoke.sh	Reviewed complete doc-option pair: long verbose covers stock-compatible rename output plus matching index and worktree side effects.
mv	-f	docs/cli/matrices/mv_v2_47.tsv; target/git-doc-cache/v2.47.1/git-mv.txt; tools/git-force-schema-oracle-smoke.sh	Reviewed complete doc-option pair: short force alias covers tracked-destination overwrite with exact stock-Git stdout/stderr/status/index parity.
mv	-k	docs/cli/matrices/mv_v2_47.tsv; target/git-doc-cache/v2.47.1/git-mv.txt; tools/git-mv-schema-oracle-smoke.sh	Reviewed complete doc-option pair: skip-errors covers missing-source handling while still applying valid moves with stock-compatible stdout/stderr/status/index parity.
mv	-n	docs/cli/matrices/mv_v2_47.tsv; target/git-doc-cache/v2.47.1/git-mv.txt; tools/git-mv-schema-oracle-smoke.sh	Reviewed complete doc-option pair: short dry-run alias covers stock-compatible stdout and absence of index/worktree side effects.
mv	-v	docs/cli/matrices/mv_v2_47.tsv; target/git-doc-cache/v2.47.1/git-mv.txt; tools/git-mv-schema-oracle-smoke.sh	Reviewed complete doc-option pair: short verbose alias covers stock-compatible rename output plus matching index and worktree side effects.
quiltimport	--author	docs/cli/matrices/quiltimport_v2_47.tsv; target/git-doc-cache/v2.47.1/git-quiltimport.txt; git_mail_tools_compat::quiltimport_applies_series_like_stock_git	Reviewed complete doc-option pair: author covers stock-compatible author, subject, body, and final-tree parity for quilt series import.
quiltimport	--dry-run	docs/cli/matrices/quiltimport_v2_47.tsv; target/git-doc-cache/v2.47.1/git-quiltimport.txt; tools/git-quiltimport-schema-oracle-smoke.sh; git_mail_tools_compat::quiltimport_applies_series_like_stock_git	Reviewed complete doc-option pair: long dry-run covers stock-compatible stdout/stderr/exit plus unchanged HEAD, tree, and status.
quiltimport	--keep-non-patch	docs/cli/matrices/quiltimport_v2_47.tsv; target/git-doc-cache/v2.47.1/git-quiltimport.txt; tools/git-quiltimport-schema-gap-probe.sh	Reviewed complete doc-option pair: keep-non-patch covers stock-compatible empty-patch diagnostic and exit behavior for non-patch series entries.
quiltimport	--patches	docs/cli/matrices/quiltimport_v2_47.tsv; target/git-doc-cache/v2.47.1/git-quiltimport.txt; git_mail_tools_compat::quiltimport_applies_series_like_stock_git	Reviewed complete doc-option pair: patches-directory selection is covered by the stock-compatible author and dry-run quilt-series flows that import from the configured patches directory.
quiltimport	--series	docs/cli/matrices/quiltimport_v2_47.tsv; target/git-doc-cache/v2.47.1/git-quiltimport.txt; tools/git-quiltimport-schema-gap-probe.sh	Reviewed complete doc-option pair: explicit series selection covers stock-compatible stdout/stderr/status/log and final-tree parity.
quiltimport	-n	docs/cli/matrices/quiltimport_v2_47.tsv; target/git-doc-cache/v2.47.1/git-quiltimport.txt; git_mail_tools_compat::quiltimport_applies_series_like_stock_git	Reviewed complete doc-option pair: short dry-run alias covers stock-compatible patch listing and unchanged HEAD/status parity.
replace	--convert-graft-file	docs/cli/matrices/replace_v2_47.tsv; target/git-doc-cache/v2.47.1/git-replace.txt; crates/zmin-cli/tests/git_ref_resolution_compat.rs	Reviewed complete doc-option pair: convert-graft-file covers graft-file removal, replacement-ref creation, replacement object contents, and stock-compatible stdout/stderr/exit parity.
replace	--delete	docs/cli/matrices/replace_v2_47.tsv; target/git-doc-cache/v2.47.1/git-replace.txt; tools/git-replace-schema-oracle-smoke.sh	Reviewed complete doc-option pair: long delete covers replacement-ref removal and exact stock-Git stdout/stderr/exit parity.
replace	--edit	docs/cli/matrices/replace_v2_47.tsv; target/git-doc-cache/v2.47.1/git-replace.txt; crates/zmin-cli/tests/git_ref_resolution_compat.rs; tools/git-replace-schema-oracle-smoke.sh	Reviewed complete doc-option pair: long edit covers edited replacement object creation, short alias parity, and raw/no-raw edit behavior with exact stock-Git output and refs/replace side effects.
replace	--force	docs/cli/matrices/replace_v2_47.tsv; target/git-doc-cache/v2.47.1/git-replace.txt; tools/git-replace-schema-oracle-smoke.sh	Reviewed complete doc-option pair: force covers replacing an existing replacement ref with stock-compatible stdout/stderr/exit and refs/replace side effects.
replace	--format	docs/cli/matrices/replace_v2_47.tsv; target/git-doc-cache/v2.47.1/git-replace.txt; crates/zmin-cli/tests/git_ref_resolution_compat.rs	Reviewed complete doc-option pair: format covers short, medium and long listing forms with exact stock-Git list output parity.
replace	--graft	docs/cli/matrices/replace_v2_47.tsv; target/git-doc-cache/v2.47.1/git-replace.txt; crates/zmin-cli/tests/git_ref_resolution_compat.rs; tools/git-replace-schema-oracle-smoke.sh	Reviewed complete doc-option pair: graft covers long and short forms for parent rewriting, replacement-ref creation, and stock-compatible replacement object contents.
replace	--list	docs/cli/matrices/replace_v2_47.tsv; target/git-doc-cache/v2.47.1/git-replace.txt; crates/zmin-cli/tests/git_ref_resolution_compat.rs; tools/git-replace-schema-oracle-smoke.sh	Reviewed complete doc-option pair: long list covers empty-pattern and explicit-pattern listing with exact stock-Git output parity.
replace	--raw	docs/cli/matrices/replace_v2_47.tsv; target/git-doc-cache/v2.47.1/git-replace.txt; tools/git-replace-schema-gap-probe.sh	Reviewed complete doc-option pair: raw mode covers no-op edit failure shape with exact stock-Git stderr, exit status and unchanged refs/replace parity.
replace	-d	docs/cli/matrices/replace_v2_47.tsv; target/git-doc-cache/v2.47.1/git-replace.txt; crates/zmin-cli/tests/git_ref_resolution_compat.rs	Reviewed complete doc-option pair: short delete alias covers replacement-ref removal by object prefix with exact stock-Git stdout/stderr/exit parity.
replace	-f	docs/cli/matrices/replace_v2_47.tsv; target/git-doc-cache/v2.47.1/git-replace.txt; tools/git-replace-schema-oracle-smoke.sh	Reviewed complete doc-option pair: short force alias covers replacing an existing replacement ref with stock-compatible stdout/stderr/exit and refs/replace side effects.
replace	-l	docs/cli/matrices/replace_v2_47.tsv; target/git-doc-cache/v2.47.1/git-replace.txt; crates/zmin-cli/tests/git_ref_resolution_compat.rs	Reviewed complete doc-option pair: short list alias covers explicit-pattern listing with exact stock-Git output parity.
merge-file	--diff-algorithm	docs/cli/matrices/merge_file_v2_47.tsv; target/git-doc-cache/v2.47.1/git-merge-file.txt; tools/git-merge-file-schema-oracle-smoke.sh	Reviewed complete doc-option pair: diff-algorithm covers documented `myers` conflict behavior with exact stock-Git stdout/stderr/exit and worktree side effects.
merge-file	--diff3	docs/cli/matrices/merge_file_v2_47.tsv; target/git-doc-cache/v2.47.1/git-merge-file.txt; tools/git-merge-file-schema-oracle-smoke.sh	Reviewed complete doc-option pair: diff3 covers in-place and stdout conflict-marker modes plus invalid value rejection with exact stock-Git parity.
merge-file	--object-id	docs/cli/matrices/merge_file_v2_47.tsv; target/git-doc-cache/v2.47.1/git-merge-file.txt; tools/git-merge-file-schema-oracle-smoke.sh	Reviewed complete doc-option pair: object-id mode covers blob-id merge invocation and exact stock-Git output and side-effect parity.
merge-file	--ours	docs/cli/matrices/merge_file_v2_47.tsv; target/git-doc-cache/v2.47.1/git-merge-file.txt; tools/git-merge-file-schema-oracle-smoke.sh	Reviewed complete doc-option pair: ours conflict strategy covers in-place and stdout modes plus invalid value rejection with exact stock-Git parity.
merge-file	--theirs	docs/cli/matrices/merge_file_v2_47.tsv; target/git-doc-cache/v2.47.1/git-merge-file.txt; tools/git-merge-file-schema-oracle-smoke.sh	Reviewed complete doc-option pair: theirs conflict strategy covers in-place and stdout modes plus invalid value rejection with exact stock-Git parity.
merge-file	--union	docs/cli/matrices/merge_file_v2_47.tsv; target/git-doc-cache/v2.47.1/git-merge-file.txt; tools/git-merge-file-schema-oracle-smoke.sh	Reviewed complete doc-option pair: union conflict strategy covers in-place and stdout modes plus invalid value rejection with exact stock-Git parity.
merge-file	--zdiff3	docs/cli/matrices/merge_file_v2_47.tsv; target/git-doc-cache/v2.47.1/git-merge-file.txt; tools/git-merge-file-schema-oracle-smoke.sh	Reviewed complete doc-option pair: zdiff3 covers in-place and stdout conflict-marker modes plus invalid value rejection with exact stock-Git parity.
merge-file	-L	docs/cli/matrices/merge_file_v2_47.tsv; target/git-doc-cache/v2.47.1/git-merge-file.txt; crates/zmin-cli/tests/git_merge_plumbing_compat.rs	Reviewed complete doc-option pair: label mode covers three-label stdout and in-place conflict rendering with exact stock-Git output parity.
merge-file	-p	docs/cli/matrices/merge_file_v2_47.tsv; target/git-doc-cache/v2.47.1/git-merge-file.txt; crates/zmin-cli/tests/git_merge_plumbing_compat.rs	Reviewed complete doc-option pair: stdout mode covers clean merge output plus strategy and marker-size conflict rendering with exact stock-Git parity.
merge-file	-q	docs/cli/matrices/merge_file_v2_47.tsv; target/git-doc-cache/v2.47.1/git-merge-file.txt; tools/git-merge-file-schema-oracle-smoke.sh	Reviewed complete doc-option pair: quiet mode covers short and long forms, repeated/no-quiet behavior, and invalid value rejection with exact stock-Git stderr/exit and worktree side effects.
fetch	--upload-pack	docs/cli/matrices/fetch_v2_47.tsv; target/git-doc-cache/v2.47.1/fetch-options.txt; crates/zmin-cli/tests/git_transport_local_compat.rs; crates/zmin-cli/tests/git_transport_http_compat.rs	Reviewed complete doc-option pair: upload-pack override is covered for equals and separate forms across named local, file and SSH remotes, explicit branch and multiple-refspec fetches, plus depth, deepen, unshallow, shallow-since and shallow-exclude modes with exact stock-Git parity.
fetch-pack	--upload-pack	docs/cli/matrices/fetch_pack_v2_47.tsv; target/git-doc-cache/v2.47.1/git-fetch-pack.txt; tools/git-fetch-pack-schema-gap-probe.sh; crates/zmin-cli/tests/git_transport_local_compat.rs	Reviewed complete doc-option pair: upload-pack override is covered by exact stock-Git parity for the documented equals form and exact invalid-input parity for the unsupported separate form, with matching stdout, stderr, exit status and pack side effects.
ls-remote	--upload-pack	docs/cli/matrices/ls_remote_v2_47.tsv; target/git-doc-cache/v2.47.1/git-ls-remote.txt; tools/git-ls-remote-upload-pack-schema-oracle-smoke.sh	Reviewed complete doc-option pair: upload-pack override is covered by exact stock-Git stdout, stderr and exit parity for both equals and separate forms against a file URL remote.
send-pack	--receive-pack	docs/cli/matrices/send_pack_v2_47.tsv; target/git-doc-cache/v2.47.1/git-send-pack.txt; tools/git-send-pack-schema-gap-probe.sh; crates/zmin-cli/tests/git_transport_local_compat.rs	Reviewed complete doc-option pair: receive-pack override is covered by exact stock-Git push stdout, stderr, exit status and remote ref parity for both equals and separate forms of the default helper path.
upload-pack	--advertise-refs	docs/cli/matrices/upload_pack_v2_47.tsv; target/git-doc-cache/v2.47.1/git-upload-pack.txt; tools/git-upload-pack-schema-oracle-smoke.sh	Reviewed complete doc-option pair: advertise-refs mode is covered by exact stock-Git advertisement bytes, stderr, and exit status parity for direct upload-pack service invocation.
upload-pack	--http-backend-info-refs	docs/cli/matrices/upload_pack_v2_47.tsv; target/git-doc-cache/v2.47.1/git-upload-pack.txt; tools/git-upload-pack-schema-oracle-smoke.sh	Reviewed complete doc-option pair: http-backend info-refs mode is covered by exact stock-Git advertisement bytes, stderr, and exit status parity for direct upload-pack service invocation.
upload-pack	--no-strict	docs/cli/matrices/upload_pack_v2_47.tsv; target/git-doc-cache/v2.47.1/git-upload-pack.txt; tools/git-upload-pack-schema-oracle-smoke.sh	Reviewed complete doc-option pair: no-strict mode is covered by exact stock-Git empty-stdin advertisement, fatal stderr, and exit status parity for direct upload-pack invocation.
upload-pack	--stateless-rpc	docs/cli/matrices/upload_pack_v2_47.tsv; target/git-doc-cache/v2.47.1/git-upload-pack.txt; tools/git-upload-pack-schema-oracle-smoke.sh	Reviewed complete doc-option pair: stateless-rpc mode is covered by exact stock-Git empty-stdin stdout, fatal stderr, and exit status parity for direct upload-pack invocation.
upload-pack	--strict	docs/cli/matrices/upload_pack_v2_47.tsv; target/git-doc-cache/v2.47.1/git-upload-pack.txt; tools/git-upload-pack-schema-oracle-smoke.sh	Reviewed complete doc-option pair: strict mode is covered by exact stock-Git empty-stdin advertisement, fatal stderr, and exit status parity for direct upload-pack invocation.
upload-pack	--timeout	docs/cli/matrices/upload_pack_v2_47.tsv; target/git-doc-cache/v2.47.1/git-upload-pack.txt; tools/git-upload-pack-schema-oracle-smoke.sh	Reviewed complete doc-option pair: timeout mode is covered by exact stock-Git timeout=1 empty-stdin advertisement, fatal stderr, and exit status parity for direct upload-pack invocation.
repack	--depth	docs/cli/matrices/repack_v2_47.tsv; target/git-doc-cache/v2.47.1/git-repack.txt; crates/zmin-cli/tests/git_maintenance_compat.rs	Reviewed complete doc-option pair: depth covers equals and separate forms, order-swapped interaction with window, and stock-compatible repack output, object inventory, and fsck-clean repository state.
repack	--keep-pack	docs/cli/matrices/repack_v2_47.tsv; target/git-doc-cache/v2.47.1/git-repack.txt; crates/zmin-cli/tests/git_maintenance_compat.rs	Reviewed complete doc-option pair: keep-pack covers full pack-file names, basename forms, repeated values, and stock-compatible preservation of the named packs with matching object inventory and refs.
repack	--quiet	docs/cli/matrices/repack_v2_47.tsv; target/git-doc-cache/v2.47.1/git-repack.txt; crates/zmin-cli/tests/git_maintenance_compat.rs; tools/git-pack-schema-oracle-smoke.sh	Reviewed complete doc-option pair: quiet covers long form, mixed long/short repetition, and stock-compatible stdout, stderr, pack count, object inventory, and fsck-clean repository state.
repack	--threads	docs/cli/matrices/repack_v2_47.tsv; target/git-doc-cache/v2.47.1/git-repack.txt; crates/zmin-cli/tests/git_maintenance_compat.rs; tools/git-pack-schema-oracle-smoke.sh	Reviewed complete doc-option pair: threads covers equals and separate value forms while preserving stock-compatible output, pack count, object inventory, and fsck-clean repository state.
repack	--window	docs/cli/matrices/repack_v2_47.tsv; target/git-doc-cache/v2.47.1/git-repack.txt; crates/zmin-cli/tests/git_maintenance_compat.rs	Reviewed complete doc-option pair: window covers equals and separate forms, order-swapped interaction with depth, and stock-compatible repack output, object inventory, and fsck-clean repository state.
repack	--write-bitmap-index	docs/cli/matrices/repack_v2_47.tsv; target/git-doc-cache/v2.47.1/git-repack.txt; crates/zmin-cli/tests/git_maintenance_compat.rs	Reviewed complete doc-option pair: write-bitmap-index covers long and short alias interaction, repeated short form, negated no-write-bitmap ordering, and stock-compatible repository state after all-object repacks.
repack	--write-midx	docs/cli/matrices/repack_v2_47.tsv; target/git-doc-cache/v2.47.1/git-repack.txt; crates/zmin-cli/tests/git_maintenance_compat.rs	Reviewed complete doc-option pair: write-midx covers long form, mixed long/short repetition, empty-repo no-op behavior, negated no-write-midx ordering, and stock-compatible multi-pack-index state.
repack	-A	docs/cli/matrices/repack_v2_47.tsv; target/git-doc-cache/v2.47.1/git-repack.txt; crates/zmin-cli/tests/git_maintenance_compat.rs	Reviewed complete doc-option pair: short loosen-unreachable mode covers the baseline `-Adq` behavior plus repeated and reordered `-A` forms with stock-compatible unreachable-object loose/packed state.
repack	-a	docs/cli/matrices/repack_v2_47.tsv; target/git-doc-cache/v2.47.1/git-repack.txt; crates/zmin-cli/tests/git_maintenance_compat.rs	Reviewed complete doc-option pair: short all-object mode covers reachable-object packing, duplicate pruning, and repeated `-a` forms with stock-compatible output, object inventory, and fsck-clean repository state.
repack	-b	docs/cli/matrices/repack_v2_47.tsv; target/git-doc-cache/v2.47.1/git-repack.txt; crates/zmin-cli/tests/git_maintenance_compat.rs	Reviewed complete doc-option pair: short write-bitmap alias covers repeated short form, long-alias interaction, negated no-write-bitmap ordering, and stock-compatible repository state after all-object repacks.
repack	-d	docs/cli/matrices/repack_v2_47.tsv; target/git-doc-cache/v2.47.1/git-repack.txt; crates/zmin-cli/tests/git_maintenance_compat.rs	Reviewed complete doc-option pair: short delete-redundant mode covers all-object cleanup, stale multi-pack-index removal, incremental repack cleanup, and repeated `-d` forms with stock-compatible repository state.
repack	-f	docs/cli/matrices/repack_v2_47.tsv; target/git-doc-cache/v2.47.1/git-repack.txt; crates/zmin-cli/tests/git_maintenance_compat.rs	Reviewed complete doc-option pair: short no-reuse-delta mode covers stock-compatible pack readability and repeated `-f` forms in combination with `-F`, `-a`, `-d`, and `-q`.
repack	-F	docs/cli/matrices/repack_v2_47.tsv; target/git-doc-cache/v2.47.1/git-repack.txt; crates/zmin-cli/tests/git_maintenance_compat.rs	Reviewed complete doc-option pair: short no-reuse-object mode covers stock-compatible pack readability and repeated `-F` forms in combination with `-f`, `-a`, `-d`, and `-q`.
repack	-l	docs/cli/matrices/repack_v2_47.tsv; target/git-doc-cache/v2.47.1/git-repack.txt; crates/zmin-cli/tests/git_maintenance_compat.rs	Reviewed complete doc-option pair: short local mode covers shared-clone alternate-object behavior and repeated `-l` forms with stock-compatible local pack contents and repository state.
repack	-m	docs/cli/matrices/repack_v2_47.tsv; target/git-doc-cache/v2.47.1/git-repack.txt; crates/zmin-cli/tests/git_maintenance_compat.rs	Reviewed complete doc-option pair: short write-midx alias covers repeated short form, long-alias interaction, empty-repo no-op behavior, negated no-write-midx ordering, and stock-compatible multi-pack-index state.
repack	-n	docs/cli/matrices/repack_v2_47.tsv; target/git-doc-cache/v2.47.1/git-repack.txt; crates/zmin-cli/tests/git_maintenance_compat.rs	Reviewed complete doc-option pair: short no-update-server-info mode covers write-midx interaction and repeated `-n` forms with stock-compatible output, object inventory, and repository state.
repack	-q	docs/cli/matrices/repack_v2_47.tsv; target/git-doc-cache/v2.47.1/git-repack.txt; crates/zmin-cli/tests/git_maintenance_compat.rs	Reviewed complete doc-option pair: short quiet alias covers repeated short form, long-alias interaction, and stock-compatible stdout, stderr, pack count, object inventory, and fsck-clean repository state.
interpret-trailers	--if-exists	docs/cli/matrices/interpret_trailers_v2_47.tsv; target/git-doc-cache/v2.47.1/git-interpret-trailers.txt; crates/zmin-cli/tests/git_mail_tools_compat.rs	Reviewed complete doc-option pair: if-exists now covers addIfDifferent, add, replace, no-if-exists reset ordering, and exact stock-Git duplicate-trailer handling.
interpret-trailers	--if-missing	docs/cli/matrices/interpret_trailers_v2_47.tsv; target/git-doc-cache/v2.47.1/git-interpret-trailers.txt; crates/zmin-cli/tests/git_mail_tools_compat.rs	Reviewed complete doc-option pair: if-missing now covers doNothing, no-if-missing reset ordering, and exact stock-Git missing-trailer add behavior.
interpret-trailers	--in-place	docs/cli/matrices/interpret_trailers_v2_47.tsv; target/git-doc-cache/v2.47.1/git-interpret-trailers.txt; crates/zmin-cli/tests/git_mail_tools_compat.rs	Reviewed complete doc-option pair: in-place covers file rewriting with positional file operands and exact stock-Git rewritten message contents.
interpret-trailers	--no-divider	docs/cli/matrices/interpret_trailers_v2_47.tsv; target/git-doc-cache/v2.47.1/git-interpret-trailers.txt; crates/zmin-cli/tests/git_mail_tools_compat.rs	Reviewed complete doc-option pair: no-divider covers patch-divider suppression so trailer-looking post-divider lines stay in the message body like stock Git.
interpret-trailers	--no-if-exists	docs/cli/matrices/interpret_trailers_v2_47.tsv; target/git-doc-cache/v2.47.1/git-interpret-trailers.txt; crates/zmin-cli/tests/git_mail_tools_compat.rs	Reviewed complete doc-option pair: no-if-exists covers reset of earlier duplicate-policy overrides and restores stock default neighbor-sensitive duplicate handling.
interpret-trailers	--no-if-missing	docs/cli/matrices/interpret_trailers_v2_47.tsv; target/git-doc-cache/v2.47.1/git-interpret-trailers.txt; crates/zmin-cli/tests/git_mail_tools_compat.rs	Reviewed complete doc-option pair: no-if-missing covers reset of earlier missing-policy overrides and restores stock default add behavior.
interpret-trailers	--no-where	docs/cli/matrices/interpret_trailers_v2_47.tsv; target/git-doc-cache/v2.47.1/git-interpret-trailers.txt; crates/zmin-cli/tests/git_mail_tools_compat.rs	Reviewed complete doc-option pair: no-where covers reset of earlier placement overrides and restores stock default trailer placement.
interpret-trailers	--only-input	docs/cli/matrices/interpret_trailers_v2_47.tsv; target/git-doc-cache/v2.47.1/git-interpret-trailers.txt; tools/git-interpret-trailers-schema-oracle-smoke.sh	Reviewed complete doc-option pair: only-input covers ignoring trailer config additions and preserves exact stock-Git stdout, stderr, and exit status.
interpret-trailers	--only-trailers	docs/cli/matrices/interpret_trailers_v2_47.tsv; target/git-doc-cache/v2.47.1/git-interpret-trailers.txt; crates/zmin-cli/tests/git_mail_tools_compat.rs	Reviewed complete doc-option pair: only-trailers covers default trailer-only output, folded input handling, parse equivalence, and exact stock-Git stdout parity.
interpret-trailers	--parse	docs/cli/matrices/interpret_trailers_v2_47.tsv; target/git-doc-cache/v2.47.1/git-interpret-trailers.txt; crates/zmin-cli/tests/git_mail_tools_compat.rs	Reviewed complete doc-option pair: parse covers trailer-only plus only-input and unfold semantics on stdin messages with exact stock-Git stdout parity.
interpret-trailers	--trailer	docs/cli/matrices/interpret_trailers_v2_47.tsv; target/git-doc-cache/v2.47.1/git-interpret-trailers.txt; crates/zmin-cli/tests/git_mail_tools_compat.rs	Reviewed complete doc-option pair: trailer covers stdin and patch-like input, added-trailer output, placement policies, duplicate and missing handling, and exact stock-Git trailer insertion behavior.
interpret-trailers	--trim-empty	docs/cli/matrices/interpret_trailers_v2_47.tsv; target/git-doc-cache/v2.47.1/git-interpret-trailers.txt; crates/zmin-cli/tests/git_mail_tools_compat.rs	Reviewed complete doc-option pair: trim-empty covers empty-valued trailer removal with exact stock-Git output parity.
interpret-trailers	--unfold	docs/cli/matrices/interpret_trailers_v2_47.tsv; target/git-doc-cache/v2.47.1/git-interpret-trailers.txt; crates/zmin-cli/tests/git_mail_tools_compat.rs	Reviewed complete doc-option pair: unfold covers folded trailer continuation flattening in trailer-only output like stock Git.
interpret-trailers	--where	docs/cli/matrices/interpret_trailers_v2_47.tsv; target/git-doc-cache/v2.47.1/git-interpret-trailers.txt; crates/zmin-cli/tests/git_mail_tools_compat.rs	Reviewed complete doc-option pair: where covers before and after placement plus no-where reset ordering with exact stock-Git trailer placement parity.
